order,wplocation,item,subtest,response,errorcode,potentiophone
1,NA,fin,sw,0,skip,NA
1,NA,fin,sw,f5,CR,NA
1,NA,fin,sw,fin,vgr,1
2,NA,onze,sw,@z,bvsub,NA
2,NA,onze,sw,0,skip,NA
2,NA,onze,sw,@Z*,bvsub,0
2,NA,onze,sw,§z,CR,NA
2,NA,onze,sw,§z*,CR,NA
2,NA,onze,sw,onz*,vgr,0
2,NA,onze,sw,oz,com,0
2,NA,onze,sw,ozon,clp&bvod,1
2,NA,onze,sw,zon,clp,1
3,NA,grand,sw,0,skip,NA
3,NA,grand,sw,gr@,CR,NA
3,NA,grand,sw,gr@d,sml/mor,1
3,NA,grand,sw,gr@d*,sml/mor,1
3,NA,grand,sw,grand,vgr,0
3,NA,grand,sw,r@,clom,1
4,NA,race,sw,0,skip,NA
4,NA,race,sw,fas,csub,1
4,NA,race,sw,ras,CR,NA
4,NA,race,sw,ras*,CR,NA
4,NA,race,sw,raz,cad,1
4,NA,race,sw,tras*,cod,1
4,NA,race,sw,roz,vad&cad,NA
5,NA,rose,sw,0,skip,NA
5,NA,rose,sw,ros,gemod/cad,0
5,NA,rose,sw,ros*,gemod/cad,1
5,NA,rose,sw,roz,CR,NA
5,NA,rose,sw,roz*,CR,NA
6,NA,scie,sw,sil,cod,1
6,NA,scie,sw,0,skip,NA
6,NA,scie,sw,isi,bvod,1
6,NA,scie,sw,si,CR,NA
6,NA,scie,sw,Si,cod,0
6,NA,scie,sw,si*,CR,NA
6,NA,scie,sw,sie,vsub/mor,1
6,NA,scie,sw,siEl,lneg&cod,1
6,NA,scie,sw,sire,cod,1
6,NA,scie,sw,sis,bod/vlp,0
6,NA,scie,sw,sjEs,bod,0
6,NA,scie,sw,ski,sml,1
7,NA,base,sw,bra,cad&vom,1
7,NA,base,sw,0,skip,NA
7,NA,base,sw,bas,gemod,1
7,NA,base,sw,bas*,gemod,1
7,NA,base,sw,baz,CR,NA
7,NA,base,sw,bos,vad&gemod,1
7,NA,base,sw,pas,sim&gemod,1
8,NA,orge,sw,or@Z,vod&cod,1
8,NA,orge,sw,0,skip,NA
8,NA,orge,sw,ogr,clp,1
8,NA,orge,sw,ogr*,clp,1
8,NA,orge,sw,or,com/rneg,1
8,NA,orge,sw,org,sml,1
8,NA,orge,sw,orZ,CR,NA
8,NA,orge,sw,orZ*,CR,NA
8,NA,orge,sw,oZ,com,1
9,NA,enfer,sw,0,skip,NA
9,NA,enfer,sw,@f@,skip,1
9,NA,enfer,sw,@fe,vgr,0
9,NA,enfer,sw,@fEr,CR,NA
9,NA,enfer,sw,@re,com&vlp,0
9,NA,enfer,sw,def1,skip,1
9,NA,enfer,sw,fEr,lneg,1
10,NA,maire,sw,0,skip,NA
10,NA,maire,sw,m@r*,cad,0
10,NA,maire,sw,mar1,skip,1
10,NA,maire,sw,mari,vlp,1
10,NA,maire,sw,marie,vlp&cad/bod,1
10,NA,maire,sw,mEgr,cad,1
10,NA,maire,sw,mEr,CR,NA
10,NA,maire,sw,mer*,CR,NA
10,NA,maire,sw,mEri,bvod,1
10,NA,maire,sw,mare,skip,1
11,NA,chacun,sw,0,skip,NA
11,NA,chacun,sw,Saj*,skip,0
11,NA,chacun,sw,Sak,rneg/vom,1
11,NA,chacun,sw,Sak1,CR,NA
11,NA,chacun,sw,Sakyn,vgr,1
11,NA,chacun,sw,Sas1,sml,0
12,NA,signe,sw,0,skip,NA
12,NA,signe,sw,s5Z,clp,1
12,NA,signe,sw,sil@s,skip,1
12,NA,signe,sw,siN,CR,NA
12,NA,signe,sw,siN*,CR,NA
12,NA,signe,sw,siNe,vad/mor,1
12,NA,signe,sw,sinZ,clp/vgr,0
12,NA,signe,sw,siZ,com,0
13,NA,brun,sw,0,skip,NA
13,NA,brun,sw,br1,CR,NA
13,NA,brun,sw,br8,vod&csub,1
13,NA,brun,sw,bry,adom,0
13,NA,brun,sw,bryn,mor/vgr,1
14,NA,congé,sw,0,skip,NA
14,NA,congé,sw,k@Ze,vad,0
14,NA,congé,sw,k§ge,sml,0
14,NA,congé,sw,k§Ze,CR,NA
14,NA,congé,sw,k§Zj5,vad,0
14,NA,congé,sw,koNe,clp,1
14,NA,congé,sw,konge,sml,0
14,NA,congé,sw,koZe,adom,0
15,NA,patient,sw,0,skip,NA
15,NA,patient,sw,p@sj@,bod,0
15,NA,patient,sw,part@,cad&vom,1
15,NA,patient,sw,parti@,cad&sml,0
15,NA,patient,sw,pasj@,CR,NA
15,NA,patient,sw,pasj@s,csub,1
15,NA,patient,sw,pat@,vom/vgr/rneg,1
15,NA,patient,sw,pat5,com,1
15,NA,patient,sw,pate@,vom&sml,NA
15,NA,patient,sw,pati,sml&rneg,0
15,NA,patient,sw,pati@,sml,0
15,NA,patient,sw,pati5,vgr,0
15,NA,patient,sw,patj@,sml,0
15,NA,patient,sw,patj5,vgr,0
16,NA,payé,sw,0,skip,NA
16,NA,payé,sw,k§t,sem,1
16,NA,payé,sw,paj,vgr&vom/vsub,1
16,NA,payé,sw,paje,vgr,0
16,NA,payé,sw,pEi,rneg/vom/vsub,1
16,NA,payé,sw,pej@,mor/adom,1
16,NA,payé,sw,peje,CR,NA
16,NA,payé,sw,pEje,CR,NA
17,NA,pantin,sw,0,skip,NA
17,NA,pantin,sw,p@d@,cvoice/csub&vsub/vad,1
17,NA,pantin,sw,p@t5,CR,NA
17,NA,pantin,sw,p@ti,bom/rneg,0
17,NA,pantin,sw,p@tin,vgr,0
17,NA,pantin,sw,pat@,bom&bvsub,0
17,NA,pantin,sw,pat5,bom,1
17,NA,pantin,sw,patin,bom&vgr,1
17,NA,pantin,sw,patj5,bom&vod,0
18,NA,compte,sw,0,skip,NA
18,NA,compte,sw,k@t,vad,0
18,NA,compte,sw,k§pr@dr*,sem,1
18,NA,compte,sw,k§pt,sml,0
18,NA,compte,sw,k§t,CR,NA
18,NA,compte,sw,k§t*,CR,NA
18,NA,compte,sw,k§te,sem/vsub,1
18,NA,compte,sw,k§t*,CR,NA
18,NA,compte,sw,k§t@,cad,1
18,NA,compte,sw,k§tre,0,1
19,NA,cesse,sw,0,skip,NA
19,NA,cesse,sw,kas,vad,1
19,NA,cesse,sw,kEs,sml,1
19,NA,cesse,sw,pEz,cad&gemom,1
19,NA,cesse,sw,rEs,csub,0
19,NA,cesse,sw,s*,rneg,1
19,NA,cesse,sw,s*s,sml,0
19,NA,cesse,sw,s*s*,sml,NA
19,NA,cesse,sw,s*se,sml&vsub,NA
19,NA,cesse,sw,sEs,CR,NA
19,NA,cesse,sw,sEsa,vsub,0
19,NA,cesse,sw,sese,bvsub,0
19,NA,cesse,sw,Sez,cod&gemom,1
19,NA,cesse,sw,sEz,gemom,1
19,NA,cesse,sw,Sez,cod&gemom,1
19,NA,cesse,sw,Soz,cod&vsub/vad&gemom,NA
20,NA,bille,sw,0,skip,NA
20,NA,bille,sw,bij,CR,NA
20,NA,bille,sw,bije,cad,1
20,NA,bille,sw,bil,gemom,1
20,NA,bille,sw,bile,gemom&vsub,1
20,NA,bille,sw,bol*,vad,1
20,NA,bille,sw,brij,cad,1
20,NA,bille,sw,pij,sim/cad,1
20,NA,bille,sw,pil,sim&gemom,1
21,NA,maîtresse,sw,0,skip,NA
21,NA,maîtresse,sw,mepriz@,0,NA
21,NA,maîtresse,sw,mEtr,mor/rneg,1
21,NA,maîtresse,sw,metr*s,sml,0
21,NA,maîtresse,sw,metrEs,CR,NA
21,NA,maîtresse,sw,mEtrEs,CR,NA
21,NA,maîtresse,sw,mEtriz,sem/mor,1
22,NA,piler,sw,0,skip,NA
22,NA,piler,sw,bije,cad&gemod/sim,1
22,NA,piler,sw,bile,cad/sim,1
22,NA,piler,sw,lile,bsub,NA
22,NA,piler,sw,p*le,bvsub/vad,1
22,NA,piler,sw,piEr,com,1
22,NA,piler,sw,pije,gemod,1
22,NA,piler,sw,pil,vom&com,1
22,NA,piler,sw,pile,CR,NA
22,NA,piler,sw,pilEr,sml,0
22,NA,piler,sw,pilie,bvod,1
22,NA,piler,sw,pilje,bvod,1
22,NA,piler,sw,pjEr,com/sml,1
22,NA,piler,sw,plie,vlp,1
22,NA,piler,sw,plije,vlp,1
23,NA,femme,sw,0,skip,NA
23,NA,femme,sw,f*m,sml,0
23,NA,femme,sw,f*m*,sml,0
23,NA,femme,sw,fam,CR,NA
23,NA,femme,sw,fEm,sml,0
23,NA,femme,sw,fErm,cad,1
23,NA,femme,sw,fErme,cad&vsub,1
24,NA,parfum,sw,0,skip,NA
24,NA,parfum,sw,parf1,CR,NA
24,NA,parfum,sw,prafym,vlp&sml,NA
24,NA,parfum,sw,parfym,sml,NA
25,NA,doigt,sw,0,skip,NA
25,NA,doigt,sw,bwaZ*t*,sim&sml,0
25,NA,doigt,sw,drwa,cad,1
25,NA,doigt,sw,dwa,CR,NA
25,NA,doigt,sw,dwaN,cad,0
25,NA,doigt,sw,dwaZ,vad/sml,0
26,NA,lapin,sw,0,skip,NA
26,NA,lapin,sw,lap5,CR,NA
27,NA,linge,sw,0,skip,NA
27,NA,linge,sw,l@,vsub&rneg/com,1
27,NA,linge,sw,l@g,vad,1
27,NA,linge,sw,l5N,bod,0
27,NA,linge,sw,l5Z,CR,NA
27,NA,linge,sw,l5Z*,CR,NA
27,NA,linge,sw,liN,clp,1
27,NA,linge,sw,liN*,clp,1
27,NA,linge,sw,ling,gr,1
27,NA,linge,sw,s5Z,csub,1
28,NA,coup,sw,0,skip,NA
28,NA,coup,sw,ku,CR,NA
28,NA,coup,sw,kup,sml,1
29,NA,vers,sw,0,skip,NA
29,NA,vers,sw,v*,rneg,NA
29,NA,vers,sw,vEr,CR,NA
29,NA,vers,sw,vErs,sml,1
30,NA,volé,sw,0,skip,NA
30,NA,volé,sw,kole,cad,1
30,NA,volé,sw,vale,vad,1
30,NA,volé,sw,velo,vlpe,1
30,NA,volé,sw,vol,vom,1
30,NA,volé,sw,vole,CR,NA
31,NA,mars,sw,0,skip,NA
31,NA,mars,sw,mar5,0,NA
31,NA,mars,sw,mar,sml/rneg,1
31,NA,mars,sw,mars,CR,NA
31,NA,mars,sw,mars*,CR,0
31,NA,mars,sw,mEs,vad&adom,1
32,NA,frime,sw,0,skip,NA
32,NA,frime,sw,fil,com&csub/cad,1
32,NA,frime,sw,finir,0,NA
32,NA,frime,sw,firm,vlp,1
32,NA,frime,sw,fr5,sim/csub,1
32,NA,frime,sw,frim,CR,NA
32,NA,frime,sw,frim*,CR,NA
32,NA,frime,sw,frime,mor/vsub,1
32,NA,frime,sw,fim,com,NA
33,NA,monsieur,sw,m§sj*r,vgr,NA
33,NA,monsieur,sw,0,skip,NA
33,NA,monsieur,sw,m*sj*,CR,NA
33,NA,monsieur,sw,m@sie,vad&vom,0
33,NA,monsieur,sw,m§si*,sml,0
33,NA,monsieur,sw,m§si*,vgr/rneg,0
33,NA,monsieur,sw,mois*,0,0
33,NA,monsieur,sw,monis*r,vlp,0
33,NA,monsieur,sw,mosie,com&vom,0
34,NA,jeunesse,sw,0,skip,NA
34,NA,jeunesse,sw,Z*@,0,0
34,NA,jeunesse,sw,Z*m5,0,0
34,NA,jeunesse,sw,Z*n,mor/rneg,1
34,NA,jeunesse,sw,Z*nEs,CR,NA
34,NA,jeunesse,sw,Z*nEs*,CR,NA
34,NA,jeunesse,sw,ZonEs,vad/vsub,0
35,NA,marcherions,sw,0,skip,NA
35,NA,marcherions,sw,arS§,lneg&com&vom,0
35,NA,marcherions,sw,mark*rij§,gr,0
35,NA,marcherions,sw,marS*r§,mor/vom,1
35,NA,marcherions,sw,marS*ri,advom/rneg,0
35,NA,marcherions,sw,marS*ri@,vad,0
35,NA,marcherions,sw,marS*rij§,CR,NA
35,NA,marcherions,sw,marS*rinos,vlp,0
35,NA,marcherions,sw,marS*rw5,vlp,0
35,NA,marcherions,sw,marS*rwa,vvlp&rneg/com,0
35,NA,marcherions,sw,marS*rwan,vvlp,0
35,NA,marcherions,sw,marS*t§,cad&vom,0
35,NA,marcherions,sw,marS§,vom&com/mor,1
35,NA,marcherions,sw,marSe,mor/rneg,1
35,NA,marcherions,sw,marSEr§,mor/vom,1
35,NA,marcherions,sw,marSErj§,sml,0
35,NA,marcherions,sw,marSErw5,vlp,0
35,NA,marcherions,sw,marSij§,vom&com/mor,1
35,NA,marcherions,sw,marSir§,vlp,0
35,NA,marcherions,sw,maS*r§,bom&vom,1
35,NA,marcherions,sw,maS*rij§,bom,1
35,NA,marcherions,sw,maSr§,bom,0
35,NA,marcherions,sw,maSwar,com&vom&clp&rneg,1
36,NA,canton,sw,0,skip,NA
36,NA,canton,sw,k@t@,bvsub,0
36,NA,canton,sw,k@t§,CR,NA
36,NA,canton,sw,k§t,vlp/bvsub&vom/rneg,1
36,NA,canton,sw,k§t@,vlpe,1
36,NA,canton,sw,k§t§,bvsub,0
36,NA,canton,sw,k§to,bvsub&bom,0
36,NA,canton,sw,kart§,cad,1
36,NA,canton,sw,kat§,bom,0
36,NA,canton,sw,katr§,bom/cad&cad,0
36,NA,canton,sw,kot§,bvsub&bom,1
36,NA,canton,sw,S@t§,cad,1
36,NA,canton,sw,Sat§,cad/adom,1
37,NA,tentait,sw,0,skip,NA
37,NA,tentait,sw,k@te,cad,0
37,NA,tentait,sw,k§te,cad&vad,1
37,NA,tentait,sw,k§tE,cad&vsub,1
37,NA,tentait,sw,t*nE,bom,1
37,NA,tentait,sw,t@dE,cvoice,1
37,NA,tentait,sw,t@e,com,0
37,NA,tentait,sw,t@t5,cad,0
37,NA,tentait,sw,t@te,CR,NA
37,NA,tentait,sw,t@tE,CR,NA
37,NA,tentait,sw,t@trE,cad,0
38,NA,cracher,sw,0,skip,NA
38,NA,cracher,sw,k*staSe,?,NA
38,NA,cracher,sw,grEs,cvoice&0,1
38,NA,cracher,sw,karse,vlp&com,NA
38,NA,cracher,sw,kaSe,adom/bom,1
38,NA,cracher,sw,kr@Se,cad,0
38,NA,cracher,sw,krake,gr,1
38,NA,cracher,sw,kraS,mor/rneg,1
38,NA,cracher,sw,kraSe,CR,NA
38,NA,cracher,sw,SaSe,bsub,0
38,NA,cracher,sw,SraSe,bod,0
39,NA,crique,sw,0,skip,NA
39,NA,crique,sw,krie,vad&cad,1
39,NA,crique,sw,krije,com&vsub,1
39,NA,crique,sw,krik,CR,NA
39,NA,crique,sw,krik*,CR,NA
39,NA,crique,sw,krike,cad,1
39,NA,crique,sw,krisk,cod,0
39,NA,crique,sw,kritik,cad&bvod,1
39,NA,crique,sw,sirk,clp,1
39,NA,crique,sw,srik,sml,0
40,NA,retrouverez,sw,0,skip,NA
40,NA,retrouverez,sw,r*truv*re,CR,NA
40,NA,retrouverez,sw,r*truve,mor/rneg,1
40,NA,retrouverez,sw,r*truvEr,mor/sylom/rneg,0
40,NA,retrouverez,sw,r*truvEre,CR,NA
40,NA,retrouverez,sw,r*vri,0,0
41,NA,suave,sw,0,skip,NA
41,NA,suave,sw,s8av,CR,NA
41,NA,suave,sw,sav,vom,1
41,NA,suave,sw,savi,vom&vsub,0
41,NA,suave,sw,sayv,vvlp,0
41,NA,suave,sw,siav,vad,0
41,NA,suave,sw,soav,vad,0
41,NA,suave,sw,sov,vvlp,1
41,NA,suave,sw,sove,vlp&cad,1
41,NA,suave,sw,suav,vad,0
41,NA,suave,sw,suave,vad&cad,0
41,NA,suave,sw,suaz,vad,0
41,NA,suave,sw,swav,0,0
41,NA,suave,sw,syave,sml&cad,0
41,NA,suave,sw,syov,bvod/vad,0
41,NA,suave,sw,syv,vom,0
41,NA,suave,sw,zyav,sml,0
42,NA,près,sw,0,skip,NA
42,NA,près,sw,aprE,vad,1
42,NA,près,sw,aprEs,vad&sml,1
42,NA,près,sw,pre,CR,NA
42,NA,près,sw,prE,CR,NA
43,NA,automne,sw,0,skip,NA
43,NA,automne,sw,@ton,sim/bsub,NA
43,NA,automne,sw,atom,vom,1
43,NA,automne,sw,ot§m,sml/rneg/com,0
43,NA,automne,sw,otom,sml&com,0
43,NA,automne,sw,otomn,sml,0
43,NA,automne,sw,otomn*,sml,0
43,NA,automne,sw,oton,CR,NA
43,NA,automne,sw,otonom,clp&bvod,1
44,NA,client,sw,0,skip,NA
44,NA,client,sw,kl5,vgr/vom,1
44,NA,client,sw,kli@,CR,NA
44,NA,client,sw,kli5,sml,NA
44,NA,client,sw,klij@,CR,NA
44,NA,client,sw,kliN,0,0
44,NA,client,sw,kline,vlp,0
44,NA,client,sw,sErv@,0,NA
44,NA,client,sw,sli@,sml,NA
44,NA,client,sw,sli@t,sml/cad,0
44,NA,client,sw,slim,sml&cad,NA
44,NA,client,sw,tus,0,NA
45,NA,soixante-dix,sw,0,skip,NA
45,NA,soixante-dix,sw,swa@t*-dis,bom,NA
45,NA,soixante-dix,sw,swadis,sylom,0
45,NA,soixante-dix,sw,swaj*,0,0
45,NA,soixante-dix,sw,swaks@t-dis,sml,0
45,NA,soixante-dix,sw,swas@t,sem/rneg,1
45,NA,soixante-dix,sw,swas@t-dis,CR,NA
46,NA,sien,sw,0,skip,NA
46,NA,sien,sw,s@,vom,1
46,NA,sien,sw,s5,vgr/vlp/vom,1
46,NA,sien,sw,si,rneg,1
46,NA,sien,sw,si@,sml,0
46,NA,sien,sw,sij@,vgr,0
46,NA,sien,sw,siNe,0,1
46,NA,sien,sw,sj@,vgr,0
46,NA,sien,sw,sj@§,vgr/adod,0
46,NA,sien,sw,sj5,CR,NA
46,NA,sien,sw,sjEn,vgr,1
46,NA,sien,sw,sw5,vad&vom,0
47,NA,rond,sw,0,skip,NA
47,NA,rond,sw,r@,vad,1
47,NA,rond,sw,r§,CR,NA
47,NA,rond,sw,r§d*,sml,1
47,NA,rond,sw,rud,sim,0
48,NA,deux,sw,0,skip,NA
48,NA,deux,sw,d*,CR,NA
49,NA,pire,sw,0,skip,NA
49,NA,pire,sw,piEr,vlp,1
49,NA,pire,sw,pir,CR,NA
49,NA,pire,sw,pir*,CR,NA
49,NA,pire,sw,pri,vlp,1
49,NA,pire,sw,prir,bvod,1
50,NA,sens,sw,0,skip,NA
50,NA,sens,sw,s@,CR,NA
50,NA,sens,sw,s@S,0,1
50,NA,sens,sw,s@s,CR,NA
51,NA,rien,sw,0,skip,NA
51,NA,rien,sw,r5,vom,1
51,NA,rien,sw,rj5,CR,NA
52,NA,gare,sw,0,skip,NA
52,NA,gare,sw,bar,csub,1
52,NA,gare,sw,gar,CR,NA
52,NA,gare,sw,gard,cod,1
52,NA,gare,sw,gra,vlp,1
52,NA,gare,sw,gras,vlp&cad,1
53,NA,chez,sw,0,skip,0
53,NA,chez,sw,Se,CR,NA
54,NA,directeur,sw,0,skip,NA
54,NA,directeur,sw,dir*,rneg,1
54,NA,directeur,sw,dir*t*r*,com&vom,0
54,NA,directeur,sw,direkt,mor/rneg,1
54,NA,directeur,sw,dirEkt*m@,mor,1
54,NA,directeur,sw,dirEkt*r,CR,NA
54,NA,directeur,sw,dirsk*,0,NA
54,NA,directeur,sw,dokt*r,sem,1
55,NA,douzième,sw,0,skip,NA
55,NA,douzième,sw,d*zjEm,sem,1
55,NA,douzième,sw,duz,sem/rneg,1
55,NA,douzième,sw,duz@,0,NA
55,NA,douzième,sw,duzEn,sem,1
55,NA,douzième,sw,duzim,vom,0
55,NA,douzième,sw,duzjEm,CR,NA
55,NA,douzième,sw,duzjEm*,CR,NA
55,NA,douzième,sw,d*zjEm,vsub/bvsub,NA
56,NA,slave,sw,0,skip,NA
56,NA,slave,sw,klav,csub,0
56,NA,slave,sw,sal,vlp&com,1
56,NA,slave,sw,salav,bvod,0
56,NA,slave,sw,salv,vlp,1
56,NA,slave,sw,sav,com,1
56,NA,slave,sw,sav*,clom,1
56,NA,slave,sw,savwar,0,1
56,NA,slave,sw,sl*ve,bvsub&cad/vsub,0
56,NA,slave,sw,slav,CR,NA
56,NA,slave,sw,slave,cad/vsub,0
56,NA,slave,sw,slEv,0,0
57,NA,pincera,sw,0,skip,NA
57,NA,pincera,sw,5sa,com&vom,0
57,NA,pincera,sw,p§sera,vad,0
57,NA,pincera,sw,p5,rneg,1
57,NA,pincera,sw,p5kre,vlp&vom,0
57,NA,pincera,sw,p5s*ra,CR,NA
57,NA,pincera,sw,p5s*re,bvsub/mor,1
57,NA,pincera,sw,p5sera,vsub/sml,0
57,NA,pincera,sw,pins*ra,vgr,1
57,NA,pincera,sw,pr5s*ra,bod,0
57,NA,pincera,sw,pr5s*rE,vod/vsub,0
57,NA,pincera,sw,p5s*rE,bvsub/mor,NA
58,NA,montagne,sw,0,skip,NA
58,NA,montagne,sw,m§taN,CR,NA
58,NA,montagne,sw,m§taN*,CR,NA
58,NA,montagne,sw,m§taNe,vsub,0
58,NA,montagne,sw,m§taZ,bom&gr,1
58,NA,montagne,sw,m§taN*,CR,NA
58,NA,montagne,sw,m§taNe,vsub,0
59,NA,igloo,sw,0,skip,NA
59,NA,igloo,sw,gogo,vom/lneg&clom&bom,0
59,NA,igloo,sw,igla,vad,0
59,NA,igloo,sw,iglo,sml,0
59,NA,igloo,sw,iglu,CR,NA
59,NA,igloo,sw,igol,vlp,0
60,NA,rogner,sw,0,skip,NA
60,NA,rogner,sw,groNe,bod,1
60,NA,rogner,sw,r§Ne,bod&vad,0
60,NA,rogner,sw,r§Z*r,clp/gr&vgr,1
60,NA,rogner,sw,r§Ze,clp/gr,1
60,NA,rogner,sw,rogNe,gr,0
60,NA,rogner,sw,rogne,gr,0
60,NA,rogner,sw,rome,0,NA
60,NA,rogner,sw,roN,mor/rneg,1
60,NA,rogner,sw,roNe,CR,NA
60,NA,rogner,sw,roNEr,vgr/sml,0
60,NA,rogner,sw,roSe,csub,1
60,NA,rogner,sw,roZEn,vlp&com,0
60,NA,rogner,sw,roZne,gr,0
61,NA,fille,sw,0,skip,NA
61,NA,fille,sw,fij,CR,NA
61,NA,fille,sw,fil,sml,1
61,NA,fille,sw,file,gemom&cad/vsub,1
62,NA,morte,sw,0,skip,NA
62,NA,morte,sw,m*rt,bvsub,0
62,NA,morte,sw,m§tr,sim/csub&clp,1
62,NA,morte,sw,m§t,cad,1
62,NA,morte,sw,mor,sml/mor/rneg,1
62,NA,morte,sw,mort,CR,NA
62,NA,morte,sw,mot,adom,0
63,NA,paire,sw,0,skip,NA
63,NA,paire,sw,p5dr,0,NA
63,NA,paire,sw,p5tyr,0,NA
63,NA,paire,sw,par,vom,1
63,NA,paire,sw,pEr,CR,NA
63,NA,paire,sw,pEr*,CR,NA
63,NA,paire,sw,piEr,0,1
63,NA,paire,sw,prari,bod&bvod,0
64,NA,varie,sw,0,skip,NA
64,NA,varie,sw,mari,cad,1
64,NA,varie,sw,parE,cad&vom,1
64,NA,varie,sw,var5,csub,NA
64,NA,varie,sw,vari,CR,NA
64,NA,varie,sw,varie,cad,1
64,NA,varie,sw,varje,cad,1
64,NA,varie,sw,vEr,vlp,1
64,NA,varie,sw,vrE,vlp,1
64,NA,varie,sw,vrEm@,vlp&0,NA
65,NA,cœur,sw,0,skip,NA
65,NA,cœur,sw,k9r,CR,NA
65,NA,cœur,sw,ko@,vgr&0,NA
65,NA,cœur,sw,kul*r,0,1
66,NA,chandail,sw,0,skip,NA
66,NA,chandail,sw,rat@,0,0
66,NA,chandail,sw,S@br,0,1
66,NA,chandail,sw,S@daj,CR,NA
66,NA,chandail,sw,S@dal,vgr/vom,0
66,NA,chandail,sw,S@de,vgr&com/rneg,0
66,NA,chandail,sw,S@dEj,sml,0
66,NA,chandail,sw,S@dEl,vgr,1
66,NA,chandail,sw,S@dlE,vlp,0
66,NA,chandail,sw,S@tal,cvoice/csub/cad&vgr/vom,1
66,NA,chandail,sw,Z@dol,cvoice&0,NA
67,NA,magner,sw,0,skip,NA
67,NA,magner,sw,m@ge,clp&sml,0
67,NA,magner,sw,m@Ne,cad/bod,0
67,NA,magner,sw,m@Ze,clp,1
67,NA,magner,sw,magn*r,sml,0
67,NA,magner,sw,magNe,gr,1
67,NA,magner,sw,maN*,vgr,1
67,NA,magner,sw,maNe,CR,NA
67,NA,magner,sw,manZe,clp,0
67,NA,magner,sw,maZ*ne,bvod,0
67,NA,magner,sw,maZe,adom,0
67,NA,magner,sw,meNe,bvsub,0
68,NA,mais,sw,0,skip,NA
68,NA,mais,sw,m5,cad,1
68,NA,mais,sw,mais,vgr&sml,1
68,NA,mais,sw,maj,cad,1
68,NA,mais,sw,me,CR,NA
68,NA,mais,sw,mE,CR,NA
68,NA,mais,sw,mEn,cad,1
69,NA,ruse,sw,0,skip,NA
69,NA,ruse,sw,rys,gemod,1
69,NA,ruse,sw,rys*,gemod,0
69,NA,ruse,sw,ryz,CR,NA
69,NA,ruse,sw,ryz*,CR,NA
69,NA,ruse,sw,ryze,vad,1
69,NA,ruse,sw,syr,clp,1
70,NA,rasé,sw,0,skip,NA
70,NA,rasé,sw,pase,csub&gemod,1
70,NA,rasé,sw,ras,gemod&vad/rneg,0
70,NA,rasé,sw,rase,gemod,0
70,NA,rasé,sw,raz,vad,1
70,NA,rasé,sw,raze,CR,NA
70,NA,rasé,sw,ryze,vad,0
71,NA,album,sw,0,skip,NA
71,NA,album,sw,abyze,com&cad&vad,1
71,NA,album,sw,alb1,sml/csub,0
71,NA,album,sw,alb5,vsub,0
71,NA,album,sw,albom,CR,NA
71,NA,album,sw,albym,sml,1
71,NA,album,sw,amyz,0,NA
71,NA,album,sw,kom,0,NA
72,NA,glisserai,sw,0,skip,NA
72,NA,glisserai,sw,glis*ra,mor/bvom,NA
72,NA,glisserai,sw,glis*rE,CR,NA
72,NA,glisserai,sw,glisasaseri,bvod,0
72,NA,glisserai,sw,glisE,mor/sylom/rneg,gemom
72,NA,glisserai,sw,glise,mor/rneg,1
72,NA,glisserai,sw,glisera,mor/bvom/rneg,1
72,NA,glisserai,sw,glisere,vgr,0
72,NA,glisserai,sw,gliz*rE,gemom,0
72,NA,glisserai,sw,glizrE,gemom,0
72,NA,glisserai,sw,Zi,adom/clom&rneg,0
72,NA,glisserai,sw,glEserE,vad/bvod,NA
72,NA,glisserai,sw,glisasere,bvod,NA
73,NA,qui,sw,0,skip,NA
73,NA,qui,sw,ki,CR,NA
74,NA,partons,sw,0,skip,NA
74,NA,partons,sw,pard§,cad/cvoice,1
74,NA,partons,sw,part@,bvsub/vad,1
74,NA,partons,sw,part§,CR,NA
74,NA,partons,sw,partu,sim/vad,1
74,NA,partons,sw,pat§,adom,0
74,NA,partons,sw,patr§,clp,1
75,NA,rebondirons,sw,0,skip,NA
75,NA,rebondirons,sw,r*b§di,rneg/mor/adom,1
75,NA,rebondirons,sw,r*b§dir,mor/rneg,1
75,NA,rebondirons,sw,r*b§dir§,CR,NA
75,NA,rebondirons,sw,r*b§dire,mor,1
75,NA,rebondirons,sw,r*b§dis§,sem/bvsub,1
75,NA,rebondirons,sw,r*b§dise,mor,1
75,NA,rebondirons,sw,r*b§disr§,cod,0
75,NA,rebondirons,sw,r*b§si§,bsub,0
75,NA,rebondirons,sw,r*b§dira,mor,NA
75,NA,rebondirons,sw,r*b§dis*m@,0,1
75,NA,rebondirons,sw,r@b§dir§,bvod,0
75,NA,rebondirons,sw,r@b§dis*r§,clp&bod,0
75,NA,rebondirons,sw,reb@dir§,vsub&vad,0
75,NA,rebondirons,sw,redute,sim&0,1
75,NA,rebondirons,sw,rep§dir§,sim,0
76,NA,librairie,sw,0,skip,0
76,NA,librairie,sw,l5brEri,cod,0
76,NA,librairie,sw,libEr*ri,vlp&vod,0
76,NA,librairie,sw,libErE,com&cod,1
76,NA,librairie,sw,libEri,bom/adom,0
76,NA,librairie,sw,liberi,bom/adom,0
76,NA,librairie,sw,libr,rneg,1
76,NA,librairie,sw,librari,bvom,0
76,NA,librairie,sw,librer,sem/rneg/bvom,1
76,NA,librairie,sw,librEr,rneg/mor/bvom,1
76,NA,librairie,sw,librEri,CR,NA
76,NA,librairie,sw,lit*rEr,sem,1
77,NA,voilent,sw,0,skip,NA
77,NA,voilent,sw,vijol@,vvlp,1
77,NA,voilent,sw,viol,vvlp,1
77,NA,voilent,sw,viol@,vvlp,1
77,NA,voilent,sw,vjol@,vlp,1
77,NA,voilent,sw,vjole,vvlp&vgr,0
77,NA,voilent,sw,vol,vom,1
77,NA,voilent,sw,vol*,vom,1
77,NA,voilent,sw,vol@,vom,1
77,NA,voilent,sw,vole,vom&mor,1
77,NA,voilent,sw,voli,vlp,0
77,NA,voilent,sw,vwa,com,1
77,NA,voilent,sw,vwaj,sml,0
77,NA,voilent,sw,vwal,CR,NA
77,NA,voilent,sw,vwal@,sml,0
77,NA,voilent,sw,vwale,mor,1
77,NA,voilent,sw,vwali@,bvod&sml,0
77,NA,voilent,sw,vwalj@,bvod&sml,0
77,NA,voilent,sw,vwalj5,bvsub&sml,0
78,NA,roue,sw,0,skip,NA
78,NA,roue,sw,ku,csub/cad,1
78,NA,roue,sw,ro,vom,1
78,NA,roue,sw,ru,CR,NA
78,NA,roue,sw,rus,cad,1
78,NA,roue,sw,ruZ,cod,1
79,NA,case,sw,0,skip,NA
79,NA,case,sw,ka,rneg/com,0
79,NA,case,sw,kas,gemod,1
79,NA,case,sw,kas*,gemod,1
79,NA,case,sw,kase,gemod&vsub,1
79,NA,case,sw,kaz,CR,NA
79,NA,case,sw,kEs,vad&gemod,1
79,NA,case,sw,koz,vad/vsub,1
79,NA,case,sw,kras,cad,NA
80,NA,prie,sw,0,skip,NA
80,NA,prie,sw,bri,cvoice&sim,1
80,NA,prie,sw,pir,vlp,1
80,NA,prie,sw,pir*,vlp,1
80,NA,prie,sw,pri,CR,NA
80,NA,prie,sw,prie,vsub/cod,1
81,NA,mois,sw,0,skip,NA
81,NA,mois,sw,mw5,cad,1
81,NA,mois,sw,mwa,CR,NA
82,NA,dans,sw,0,skip,NA
82,NA,dans,sw,d@,CR,NA
83,NA,coule,sw,0,skip,NA
83,NA,coule,sw,klu,vlp,1
83,NA,coule,sw,ku,rneg,1
83,NA,coule,sw,kul,CR,NA
83,NA,coule,sw,kul*,CR,NA
83,NA,coule,sw,kul*r,bvod&cod,1
83,NA,coule,sw,kurl,cod,0
83,NA,coule,sw,pul,cad,1
84,NA,poêle,sw,0,skip,NA
84,NA,poêle,sw,peEl,vsub,0
84,NA,poêle,sw,pEl,vom,1
84,NA,poêle,sw,pel*,advom,1
84,NA,poêle,sw,poEj,gemod,NA
84,NA,poêle,sw,poEl,sml,0
84,NA,poêle,sw,poElEt,mor,0
84,NA,poêle,sw,poEm,csub,1
84,NA,poêle,sw,pol,vom,1
84,NA,poêle,sw,pwal,CR,NA
84,NA,poêle,sw,pwal*,CR,NA
84,NA,poêle,sw,pwale,sem,1
84,NA,poêle,sw,pwEl,sml,0
84,NA,poêle,sw,pwElE,bvod,0
85,NA,saule,sw,0,skip,NA
85,NA,saule,sw,s*l,vad,0
85,NA,saule,sw,sal,advom,1
85,NA,saule,sw,sofl,cod,0
85,NA,saule,sw,sol,CR,NA
85,NA,saule,sw,sol*,CR,NA
85,NA,saule,sw,sul,vad,1
85,NA,saule,sw,sule,vad&vsub/cod,1
86,NA,œil,sw,0,skip,NA
86,NA,œil,sw,*j,CR,NA
86,NA,œil,sw,9j,CR,NA
86,NA,œil,sw,9jl,CR,0
86,NA,œil,sw,o*j,vgr,NA
87,NA,tant,sw,0,skip,NA
87,NA,tant,sw,s@,cad,1
87,NA,tant,sw,t@,CR,NA
87,NA,tant,sw,t@k,csub,1
87,NA,tant,sw,t@t,sml,1
87,NA,tant,sw,t5,vad/vsub,1
88,NA,clamer,sw,0,skip,NA
88,NA,clamer,sw,kalm*,vlp&cod/mor,1
88,NA,clamer,sw,kalme,vlp,1
88,NA,clamer,sw,klam,mor/rneg,1
88,NA,clamer,sw,klame,CR,NA
88,NA,clamer,sw,klamEr,vgr,1
88,NA,clamer,sw,klane,csub/cad,0
88,NA,clamer,sw,klas,O,1
88,NA,clamer,sw,klEme,vad/vsub,0
89,NA,pensant,sw,p@,sylom,1
89,NA,pensant,sw,p@d@,csub,1
89,NA,pensant,sw,p@s,mor/rneg,1
89,NA,pensant,sw,p@s@,CR,NA
89,NA,pensant,sw,p@sa,bom/mor,1
89,NA,pensant,sw,p@se,mor,1
89,NA,pensant,sw,p@z@,sml,0
89,NA,pensant,sw,pas@,bom,1
90,NA,finie,sw,0,skip,NA
90,NA,finie,sw,fin,vom/mor,1
90,NA,finie,sw,fini,CR,NA
90,NA,finie,sw,finir,cad/mor,1
91,NA,poison,sw,0,skip,NA
91,NA,poison,sw,bwas§,cad&gemod,1
91,NA,poison,sw,pwas§,gemod,1
91,NA,poison,sw,pwaz§,CR,NA
92,NA,mairie,sw,0,skip,NA
92,NA,mairie,sw,mari,vlp/bvod,1
92,NA,mairie,sw,marie,bvom&bod,1
92,NA,mairie,sw,mEr,bvom/mor,1
92,NA,mairie,sw,mEri,CR,NA
92,NA,mairie,sw,mErie,sem,1
92,NA,mairie,sw,mErir,bod/cad,0
93,NA,boulangerie,sw,0,skip,NA
93,NA,boulangerie,sw,bul@g*ri,sml,0
93,NA,boulangerie,sw,bul@ge,sml,0
93,NA,boulangerie,sw,bul@geri,sml,0
93,NA,boulangerie,sw,bul@Z*ri,CR,NA
93,NA,boulangerie,sw,bul@Ze,mor/rneg,1
93,NA,boulangerie,sw,bul@ZEr,mor/vom,1
93,NA,boulangerie,sw,bul@Zeri,sml,0
93,NA,boulangerie,sw,bul@Zie,bvsub&vlp,0
94,Na,cousin,sw,0,skip,NA
94,NA,cousin,sw,k8izinie,0,1
94,NA,cousin,sw,kiz@,vlp&vom&vgr,0
94,NA,cousin,sw,kuizin,vom&bvod,1
94,NA,cousin,sw,kurse,cad&vad,1
94,NA,cousin,sw,kus5,gemod,1
94,NA,cousin,sw,kuz5,CR,NA
94,NA,cousin,sw,kuzin,vgr/mor,1
95,NA,boulette,sw,0,skip,NA
95,NA,boulette,sw,buEt,adom,0
95,NA,boulette,sw,bul*r,cad,NA
95,NA,boulette,sw,bul*t,vgr,0
95,NA,boulette,sw,bule,rneg,1
95,NA,boulette,sw,bulEt,CR,NA
95,NA,boulette,sw,buS*ri,mor,1
96,NA,revolver,sw,0,skip,NA
96,NA,revolver,sw,r*s*ve,0,NA
96,NA,revolver,sw,r*vole,bom&sml,0
96,NA,revolver,sw,r*volEl,sml&bom&bsub,0
96,NA,revolver,sw,r*volte,cad,1
96,NA,revolver,sw,r*volve,sml,0
96,NA,revolver,sw,r*volvEr,sml,0
96,NA,revolver,sw,r*volvre,bod,0
96,NA,revolver,sw,r*vwale,vad,0
96,NA,revolver,sw,renolve,cad,0
96,NA,revolver,sw,revole,bom,0
96,NA,revolver,sw,revolEt,advod,0
96,NA,revolver,sw,revolve,sml,0
96,NA,revolver,sw,revolvEr,CR,NA
96,NA,revolver,sw,truv*re,0,0
97,NA,grade,sw,0,skip,NA
97,NA,grade,sw,gar,vlp&com,1
97,NA,grade,sw,garad,bvod,0
97,NA,grade,sw,gard,vlp,1
97,NA,grade,sw,garde,vlp&cad,1
97,NA,grade,sw,gr@,cad&sml,1
97,NA,grade,sw,gr@d,cad,1
97,NA,grade,sw,grad,CR,NA
97,NA,grade,sw,grad*,CR,NA
97,NA,grade,sw,grade,mor/cad,1
97,NA,grade,sw,grat,cad/cvoice,1
97,NA,grade,sw,grEd,vod,0
97,NA,grade,sw,grEv,vod&cad,1
97,NA,grade,sw,r@de,adom/lneg&vad&cad,1
98,NA,gens,sw,0,skip,NA
98,NA,gens,sw,g@,sml,1
98,NA,gens,sw,gr@,cad,1
98,NA,gens,sw,o@,vad,NA
98,NA,gens,sw,s@,csub,1
98,NA,gens,sw,Z@,CR,NA
98,NA,gens,sw,Z@r,cad,1
99,NA,porche,sw,0,skip,NA
99,NA,porche,sw,@S*,adod,0
99,NA,porche,sw,porS,CR,NA
99,NA,porche,sw,poS,clom,1
99,NA,porche,sw,prEt*,0,1
99,NA,porche,sw,proS,vlp,1
100,NA,encore,sw,0,skip,NA
100,NA,encore,sw,@kor,CR,NA
100,NA,encore,sw,@krwa,vlp&vod,0
101,NA,les,sw,0,skip,NA
101,NA,les,sw,le,CR,NA
102,NA,sept,sw,0,skip,NA
102,NA,sept,sw,s*p,sml,0
102,NA,sept,sw,sEpt,sml,0
102,NA,sept,sw,sEt,CR,NA
102,NA,sept,sw,stor,0,1
103,NA,patrie,sw,0,skip,0
103,NA,patrie,sw,0,skip,NA
103,NA,patrie,sw,par,com&vom,1
103,NA,patrie,sw,parti,clp,1
103,NA,patrie,sw,partir,clp&bod,1
103,NA,patrie,sw,pati,com,1
103,NA,patrie,sw,patri,CR,NA
103,NA,patrie,sw,patrie,cod/bod,0
103,NA,patrie,sw,pirat,vlp&clp,1
103,NA,patrie,sw,prEri,cad&vad,1
104,NA,présent,sw,0,skip,NA
104,NA,présent,sw,pre,sylom/rneg,1
104,NA,présent,sw,pres@,sml,1
104,NA,présent,sw,prez@,CR,NA
104,NA,présent,sw,prez@t,sml,1
104,NA,présent,sw,prez§,vsub,0
104,NA,présent,sw,prezid@,0,1
104,NA,présent,sw,tarez@,0,NA
105,NA,six,sw,0,skip,NA
105,NA,six,sw,sEt,sem,1
105,NA,six,sw,si,sml,1
105,NA,six,sw,siEn,advod,NA
105,NA,six,sw,siks,sml,0
105,NA,six,sw,sis,CR,NA
106,NA,teint,sw,t*n5,bvod,NA
106,NA,teint,sw,ti5,vlp,1
106,NA,teint,sw,0,skip,NA
106,NA,teint,sw,pr5,cad,0
106,NA,teint,sw,s5k,0,NA
106,NA,teint,sw,si5,cad&clp,0
106,NA,teint,sw,t*ni,vlp,0
106,NA,teint,sw,t*ni@,0,0
106,NA,teint,sw,t@,vgr,1
106,NA,teint,sw,t@t,vgr&sml,1
106,NA,teint,sw,t5,CR,NA
106,NA,teint,sw,t5N,cod,0
106,NA,teint,sw,t5t,sml,1
106,NA,teint,sw,te5,vgr,0
106,NA,teint,sw,ti@,vvlp,0
106,NA,teint,sw,tj5,vlp,1
107,NA,cirer,sw,0,skip,0
107,NA,cirer,sw,0,skip,NA
107,NA,cirer,sw,klire,cod,0
107,NA,cirer,sw,kri,vlp&adom,1
107,NA,cirer,sw,krie,vlp,1
107,NA,cirer,sw,krije,vlp,1
107,NA,cirer,sw,sir,bom/mor,1
107,NA,cirer,sw,sire,CR,NA
107,NA,cirer,sw,sirsi,0,0
107,NA,cirer,sw,trije,cad&vlp,1
108,NA,trier,sw,0,skip,NA
108,NA,trier,sw,pri,csub&com,1
108,NA,trier,sw,prie,csub,1
108,NA,trier,sw,sire,cad&vad/vlp,1
108,NA,trier,sw,tir,vlp&com/bom,1
108,NA,trier,sw,tire,vlp,1
108,NA,trier,sw,tirje,bvod,0
108,NA,trier,sw,tise,com&cod,1
108,NA,trier,sw,tri,adom/mor/rneg,1
108,NA,trier,sw,trie,CR,NA
108,NA,trier,sw,trise,cod,0
108,NA,trier,sw,trist,bod&cod,1
108,NA,trier,sw,tye,?,NA
109,NA,asie,sw,0,skip,NA
109,NA,asie,sw,asi,gemod,1
109,NA,asie,sw,asie,gemod&cad,NA
109,NA,asie,sw,azi,CR,NA
110,NA,cale,sw,0,skip,0
110,NA,cale,sw,kal,CR,NA
110,NA,cale,sw,kal*,CR,NA
110,NA,cale,sw,kale,cad/mor,1
110,NA,cale,sw,klal,bod,0
111,NA,pipe,sw,0,skip,0
111,NA,pipe,sw,0,skip,NA
111,NA,pipe,sw,pik,cad,1
111,NA,pipe,sw,pip,CR,NA
111,NA,pipe,sw,pip*,CR,NA
111,NA,pipe,sw,pipEt,mor,NA
111,NA,pipe,sw,pir,bsub,1
112,NA,cinquante,sw,0,skip,NA
112,NA,cinquante,sw,k5k@t,sml,0
112,NA,cinquante,sw,kar@t,sem,1
112,NA,cinquante,sw,kik@t*,sml&bom,0
112,NA,cinquante,sw,s5k,sem/rneg,1
112,NA,cinquante,sw,s5k@t,CR,NA
112,NA,cinquante,sw,s5k@t*,CR,NA
112,NA,cinquante,sw,swas@t,sem,1
113,NA,ose,sw,0,skip,NA
113,NA,ose,sw,0,skip,NA
113,NA,ose,sw,os,gemod,1
113,NA,ose,sw,os*,gemod,0
113,NA,ose,sw,ose,gemod&vad,0
113,NA,ose,sw,oz,CR,NA
113,NA,ose,sw,oz*,CR,NA
113,NA,ose,sw,oze,adod/mor,1
114,NA,emmener,sw,0,skip,NA
114,NA,emmener,sw,*m*ne,vgr,0
114,NA,emmener,sw,*m@ne,sml,0
114,NA,emmener,sw,*m@se,vgr&cad,0
114,NA,emmener,sw,@m*ne,CR,NA
114,NA,emmener,sw,@m@ne,sml,0
114,NA,emmener,sw,@mEn,mor,0
114,NA,emmener,sw,@mere,bsub,0
114,NA,emmener,sw,am*ne,vsub,0
114,NA,emmener,sw,em*n,sml&com,0
114,NA,emmener,sw,em*ne,vgr,0
114,NA,emmener,sw,em5ne,sml&vad,0
114,NA,emmener,sw,emane,vgr,0
114,NA,emmener,sw,Eme,com&vom,1
114,NA,emmener,sw,emEne,vgr,0
114,NA,emmener,sw,EmEr,com&vom,0
115,NA,écrire,sw,0,skip,NA
115,NA,écrire,sw,ekri,bom,1
115,NA,écrire,sw,ekrie,vlpe,1
115,NA,écrire,sw,ekrir,CR,NA
115,NA,écrire,sw,ekriv*,mor,1
115,NA,écrire,sw,etri,cad&bom,0
115,NA,écrire,sw,krie,vom/lneg&vlpe,1
116,NA,portrait,sw,0,skip,NA
116,NA,portrait,sw,partr@,vad&cad,0
116,NA,portrait,sw,port,rneg/sylom,1
116,NA,portrait,sw,portE,bom,1
116,NA,portrait,sw,porte,bom,1
116,NA,portrait,sw,portEr,vlp,0
116,NA,portrait,sw,portre,CR,NA
116,NA,portrait,sw,portrE,CR,NA
117,NA,ration,sw,0,skip,NA
117,NA,ration,sw,rasio,com/rneg,1
117,NA,ration,sw,rasj§,CR,NA
117,NA,ration,sw,rat@,vom&bvsub,0
117,NA,ration,sw,rat§,vom/adom,1
117,NA,ration,sw,rati§,sml,0
117,NA,ration,sw,ratj§,sml,0
117,NA,ration,sw,ratsj§,sml,0
117,NA,ration,sw,razion,csub,0
117,NA,ration,sw,rEtj§,vlp,0
117,NA,ration,sw,rEz§,clp&csub,1
117,NA,ration,sw,rotasj§,vlp&bod,0
117,NA,ration,sw,tratj§,bod,0
118,NA,savant,sw,0,skip,NA
118,NA,savant,sw,saj@,0,1
118,NA,savant,sw,salv@,cod,1
118,NA,savant,sw,sav@,CR,NA
118,NA,savant,sw,sov@,vsub/vad,0
118,NA,savant,sw,sovat,vad/vsub&com,0
118,NA,savant,sw,vav§,bsub&vad,0
119,NA,écho,sw,0,skip,NA
119,NA,écho,sw,eko,CR,NA
119,NA,écho,sw,eSo,sml,0
119,NA,écho,sw,eSok,bod,0
119,NA,écho,sw,eSu,sml&vod,0
120,NA,aisance,sw,0,skip,NA
120,NA,aisance,sw,ajz@s,sim,0
120,NA,aisance,sw,anis@,bod&com,0
120,NA,aisance,sw,ars§,cad&vom&vsub&com,0
120,NA,aisance,sw,as@,vom&com,0
120,NA,aisance,sw,as@s,sml&vgr/vom,0
120,NA,aisance,sw,as@t,vom&sml&cad,0
120,NA,aisance,sw,asis,vlp&com&vom,0
120,NA,aisance,sw,asis@s,bod,0
120,NA,aisance,sw,asist@s,bod&cod,1
120,NA,aisance,sw,asiz,bod&com&vod,1
120,NA,aisance,sw,asj@s,0,0
120,NA,aisance,sw,az@s,vgr,0
120,NA,aisance,sw,Es@,com,1
120,NA,aisance,sw,Es@s,gemod,1
120,NA,aisance,sw,es@s,gemod,1
120,NA,aisance,sw,es@s*,gemod,1
120,NA,aisance,sw,esas*,sml&com,0
120,NA,aisance,sw,Ez@s,CR,NA
120,NA,aisance,sw,s@s,lneg/vom,1
121,NA,crie,sw,0,skip,NA
121,NA,crie,sw,kri,CR,NA
121,NA,crie,sw,krie,mor/vsub,1
121,NA,crie,sw,krije,mor/vsub,1
121,NA,crie,sw,krir*,bod,0
121,NA,crie,sw,rir,clom&bod,1
121,NA,crie,sw,sir,vlp,1
122,NA,brise,sw,0,skip,NA
122,NA,brise,sw,braj,vod&csub,1
122,NA,brise,sw,bri,com,1
122,NA,brise,sw,brij,com,1
122,NA,brise,sw,bris,sml,0
122,NA,brise,sw,bris*,sml/cad,0
122,NA,brise,sw,briz,CR,NA
122,NA,brise,sw,briz*,CR,NA
122,NA,brise,sw,brize,vsub,1
122,NA,brise,sw,brwa,vad,0
122,NA,brise,sw,pEr,0,NA
122,NA,brise,sw,priz,cvoice/sim,1
123,NA,trois,sw,0,skip,NA
123,NA,trois,sw,trwa,CR,NA
124,NA,repartira,sw,0,skip,NA
124,NA,repartira,sw,r*partEr,bvsub&bvom,NA
124,NA,repartira,sw,r*parti,sylom/mor/rneg,1
124,NA,repartira,sw,r*partir,bvom/mor/rneg,1
124,NA,repartira,sw,r*partira,CR,NA
124,NA,repartira,sw,r*partire,vsub/mor,1
124,NA,repartira,sw,r*patira,bom,0
124,NA,repartira,sw,r@partir,cod&bvom,0
124,NA,repartira,sw,rapartira,bvsub,0
124,NA,repartira,sw,repartir,vsub&bvom,1
124,NA,repartira,sw,repartira,vsub,1
124,NA,repartira,sw,ripira,bvsub&sylom,0
125,NA,bon,sw,0,skip,NA
125,NA,bon,sw,b§,CR,NA
125,NA,bon,sw,d§,sim,1
126,NA,ces,sw,0,skip,NA
126,NA,ces,sw,s*,sml,1
126,NA,ces,sw,se,CR,NA
126,NA,ces,sw,sep,cad,0
126,NA,ces,sw,sEr,cod,1
126,NA,ces,sw,sEs,sml,1
127,NA,ail,sw,0,skip,NA
127,NA,ail,sw,ail,sml,0
127,NA,ail,sw,aj,CR,NA
127,NA,ail,sw,ajl,vgr,0
127,NA,ail,sw,al,vom,0
127,NA,ail,sw,ale,vlp&vsub,0
127,NA,ail,sw,ali,vlpe,0
127,NA,ail,sw,e,vgr,1
127,NA,ail,sw,El,vgr,1
127,NA,ail,sw,il,lneg/vom,1
127,NA,ail,sw,lEr,vlp&cad,0
128,NA,délivrer,sw,0,skip,NA
128,NA,délivrer,sw,d*livr*,vsub&bom,0
128,NA,délivrer,sw,delevr*,bvsub&bom,0
128,NA,délivrer,sw,delevre,bvsub,0
128,NA,délivrer,sw,delivr*ra,mor,1
128,NA,délivrer,sw,delivre,CR,NA
128,NA,délivrer,sw,derivre,bsub,0
128,NA,délivrer,sw,livre,sylom/lneg/mor,1
129,NA,édition,sw,0,skip,NA
129,NA,édition,sw,adisj§,vad/vsub,1
129,NA,édition,sw,dedit§,bod,0
129,NA,édition,sw,devomi,0,NA
129,NA,édition,sw,edisj§,CR,NA
129,NA,édition,sw,edit§,mor,1
129,NA,édition,sw,edite,mor,0
129,NA,édition,sw,editj§,sml,0
129,NA,édition,sw,id@tite,0,1
129,NA,édition,sw,iditisi§,bvsub&bod,0
130,NA,larguer,sw,0,skip,NA
130,NA,larguer,sw,l@g*re,0,1
130,NA,larguer,sw,l@ge,sim,0
130,NA,larguer,sw,lage,clom,0
130,NA,larguer,sw,l@g,sim&bom,1
130,NA,larguer,sw,lagEr,bom&sml,0
130,NA,larguer,sw,lagre,clp&vom,NA
130,NA,larguer,sw,larg,mor/adom,1
130,NA,larguer,sw,larg*r,vvlp,0
130,NA,larguer,sw,large,CR,NA
130,NA,larguer,sw,largEr,vgr,0
130,NA,larguer,sw,larZ,vgr/vom&bom,1
130,NA,larguer,sw,larZ*,vom&com,1
130,NA,larguer,sw,larZ*e,sml&0,NA
130,NA,larguer,sw,larZ*r,vvlp,1
130,NA,larguer,sw,larZe,vom,0
130,NA,larguer,sw,r@ge,0,0
131,NA,caillou,sw,0,skip,NA
131,NA,caillou,sw,ekut,vlpe&com&cod,1
131,NA,caillou,sw,galu,cvoice&gemom,0
131,NA,caillou,sw,grelu,cvoice&cad&gemom,0
131,NA,caillou,sw,kaj§,sim/cad,0
131,NA,caillou,sw,kaju,CR,NA
131,NA,caillou,sw,kalu,vom&gemom,0
131,NA,caillou,sw,kElu,gemom,0
131,NA,caillou,sw,kelu,gemom,0
131,NA,caillou,sw,selu,sml&gemom,0
132,NA,pari,sw,0,skip,NA
132,NA,pari,sw,apri,vlp,1
132,NA,pari,sw,papi,bsub,1
132,NA,pari,sw,pari,CR,NA
132,NA,pari,sw,parir,bod,0
132,NA,pari,sw,parti,cod,1
132,NA,pari,sw,partir,cod&bod,1
133,NA,raie,sw,0,skip,NA
133,NA,raie,sw,r5,cad,1
133,NA,raie,sw,raE,vgr,0
133,NA,raie,sw,raj,sml,1
133,NA,raie,sw,re,CR,NA
133,NA,raie,sw,rE,CR,NA
134,NA,loin,sw,0,skip,NA
134,NA,loin,sw,l§,advom,1
134,NA,loin,sw,lj§,vvlp,1
134,NA,loin,sw,lj§,vvlp,1
134,NA,loin,sw,lw5,CR,NA
134,NA,loin,sw,lwa,rneg,1
134,NA,loin,sw,li§,vvlp,1
135,NA,pale,sw,0,skip,NA
135,NA,pale,sw,paj,vad,1
135,NA,pale,sw,pal,CR,NA
135,NA,pale,sw,pal*,CR,NA
135,NA,pale,sw,parl*,cod,1
135,NA,pale,sw,pE,vad,1
135,NA,pale,sw,pEl,vad,1
135,NA,pale,sw,pwal*,0,1
136,NA,poli,sw,0,skip,NA
136,NA,poli,sw,pol,vom/rneg,1
136,NA,poli,sw,poli,CR,NA
136,NA,poli,sw,poly,vsub,0
136,NA,poli,sw,pul,vod&vsub,1
136,NA,poli,sw,pwa,vlp&com,1
136,NA,poli,sw,pwa5,vlp&cad,0
136,NA,poli,sw,pwal,vlp,1
137,NA,bain,sw,0,skip,NA
137,NA,bain,sw,b@,vom,1
137,NA,bain,sw,b5,CR,NA
137,NA,bain,sw,bE5,vgr,0
137,NA,bain,sw,li5,cad&vbod,NA
138,NA,lange,sw,0,skip,NA
138,NA,lange,sw,l@,sylom,1
138,NA,lange,sw,l@g,sml,1
138,NA,lange,sw,l@s,cad,1
138,NA,lange,sw,l@Z,CR,NA
138,NA,lange,sw,l@Z*,CR,NA
138,NA,lange,sw,l§Z,vad,0
138,NA,lange,sw,l5j,vad,0
138,NA,lange,sw,l5Z,vad,1
138,NA,lange,sw,l§Ze,vad&vsub,1
138,NA,lange,sw,lang,sml,0
138,NA,lange,sw,larZ,cad,1
139,NA,gars,sw,0,skip,NA
139,NA,gars,sw,bar,cad,1
139,NA,gars,sw,ga,CR,NA
139,NA,gars,sw,gar,sml,1
139,NA,gars,sw,gars,vlp,1
139,NA,gars,sw,gr@,vlp&cad,1
139,NA,gars,sw,gra,vlp,1
140,NA,long,sw,0,skip,NA
140,NA,long,sw,l@,vad,1
140,NA,long,sw,l@g,vad&sml,1
140,NA,long,sw,l§,CR,NA
140,NA,long,sw,l§g,sml,0
140,NA,long,sw,lw5,vod,1
141,NA,renifle,sw,0,skip,NA
141,NA,renifle,sw,fin,0,NA
141,NA,renifle,sw,r*ni,sylom,0
141,NA,renifle,sw,r*nifil,bvod,0
141,NA,renifle,sw,r*nifl,CR,NA
141,NA,renifle,sw,r*nifl*,CR,NA
141,NA,renifle,sw,r@ifl,vgr,NA
141,NA,renifle,sw,r*nifle,mor,1
141,NA,renifle,sw,r*nir,cad/csub,0
141,NA,renifle,sw,r@fil,vlp,0
141,NA,renifle,sw,r@flif,sml&vlp&bod,0
141,NA,renifle,sw,r@ifle,sml&vsub,0
141,NA,renifle,sw,r@nifle,sml&vsub,0
142,NA,chien,sw,0,skip,NA
142,NA,chien,sw,Sj@,vom/vgr,1
142,NA,chien,sw,sj@,gr/com&vgr,0
142,NA,chien,sw,Sj1,CR,NA
142,NA,chien,sw,Sj5,CR,NA
143,NA,criant,sw,0,skip,NA
143,NA,criant,sw,klij@,csub,1
143,NA,criant,sw,krE,vvlp,1
143,NA,criant,sw,kri,mor/sylom/rneg,1
143,NA,criant,sw,kri@,CR,NA
143,NA,criant,sw,kri5,bvod,0
143,NA,criant,sw,krie,mor,1
143,NA,criant,sw,krij@,CR,NA
143,NA,criant,sw,krija,mor/rneg,1
143,NA,criant,sw,krin,vom,0
143,NA,criant,sw,krj5,vad,1
144,NA,agile,sw,0,skip,NA
144,NA,agile,sw,agij,sml&gemod,0
144,NA,agile,sw,aglil,bod,0
144,NA,agile,sw,agrij,cad&sml,0
144,NA,agile,sw,arZil,cad,1
144,NA,agile,sw,aZ,vom&com,0
144,NA,agile,sw,aZil,CR,NA
144,NA,agile,sw,aZil*,CR,NA
144,NA,agile,sw,Eg8ij,vad/bvod&gemod,1
144,NA,agile,sw,Egil,vad/bvod&sml,0
144,NA,agile,sw,Egl,vlp,1
144,NA,agile,sw,Egl*,vlp,1
144,NA,agile,sw,Egy,vlp&0,1
144,NA,agile,sw,EZil,bvod,0
144,NA,agile,sw,agil,sml,NA
145,NA,lueur,sw,0,skip,NA
145,NA,lueur,sw,l*r,bvom,1
145,NA,lueur,sw,l8i,sem,1
145,NA,lueur,sw,li*,0,1
145,NA,lueur,sw,liz@,0,NA
145,NA,lueur,sw,lue,0,1
145,NA,lueur,sw,ly*r,CR,NA
145,NA,lueur,sw,lye,bom,1
145,NA,lueur,sw,lyn*r,cad,0
146,NA,baiser,sw,0,skip,NA
146,NA,baiser,sw,basje,vlp&sml,0
146,NA,baiser,sw,baze,vgr/vom,1
146,NA,baiser,sw,bEs,mor/rneg&gemod,1
146,NA,baiser,sw,bEs*,gemod&com/adom,1
146,NA,baiser,sw,bEse,gemod,1
146,NA,baiser,sw,bese,gemod,1
146,NA,baiser,sw,bEz,mor/rneg,1
146,NA,baiser,sw,bEze,CR,NA
146,NA,baiser,sw,beze,CR,NA
146,NA,baiser,sw,brazie,bod&vlp,1
146,NA,baiser,sw,brize,vsub,1
146,NA,baiser,sw,pose,0,0
147,NA,galet,sw,0,skip,NA
147,NA,galet,sw,bale,cad,1
147,NA,galet,sw,gal,gr/com,1
147,NA,galet,sw,gal*,gr/com,1
147,NA,galet,sw,gal@,cod,1
147,NA,galet,sw,gale,CR,NA
147,NA,galet,sw,galEt,sml/mor,1
147,NA,galet,sw,gEl,vad&com,NA
147,NA,galet,sw,kale,cvoice,1
147,NA,galet,sw,Z*le,vsub,1
147,NA,galet,sw,Zale,sml,0
148,NA,placer,sw,0,skip,NA
148,NA,placer,sw,blase,cvoice/cad,0
148,NA,placer,sw,palase,bvod/vad,0
148,NA,placer,sw,pase,clom,1
148,NA,placer,sw,plas,mor/cod/rneg,1
148,NA,placer,sw,plas*,vgr,1
148,NA,placer,sw,plase,CR,NA
149,NA,fiable,sw,0,skip,NA
149,NA,fiable,sw,fabl,vom,1
149,NA,fiable,sw,fEbl,vlp,1
149,NA,fiable,sw,fEbl*,vlp,1
149,NA,fiable,sw,fi@bl,cod,0
149,NA,fiable,sw,fiabl,CR,NA
149,NA,fiable,sw,fiabl*,CR,NA
149,NA,fiable,sw,fibr,vom&cad,1
149,NA,fiable,sw,fiEbl,bod,0
149,NA,fiable,sw,film@,0,0
150,NA,désert,sw,0,skip,NA
150,NA,désert,sw,defEt,0,NA
150,NA,désert,sw,des*,gemod&com,0
150,NA,désert,sw,des@,gemod&sim/csub,1
150,NA,désert,sw,dese,gemod&com,1
150,NA,désert,sw,desE,gemod&com,1
150,NA,désert,sw,desEr,gemod,1
150,NA,désert,sw,dezEr,CR,NA
150,NA,désert,sw,prese,0,1
151,NA,aspect,sw,0,skip,NA
151,NA,aspect,sw,5spEkt,vod&cod,1
151,NA,aspect,sw,absE,0,1
151,NA,aspect,sw,akse,clp&com,0
151,NA,aspect,sw,aksEpt,clp&vlp,1
151,NA,aspect,sw,apEs,clp&vlp&com,0
151,NA,aspect,sw,apEt*,com,0
151,NA,aspect,sw,apsE,clp,0
151,NA,aspect,sw,apset,clp&sml,0
151,NA,aspect,sw,asEp,vlp,0
151,NA,aspect,sw,asp,com,0
151,NA,aspect,sw,aspE,CR,NA
151,NA,aspect,sw,aspEk,sml,0
151,NA,aspect,sw,aspEkt,sml,0
151,NA,aspect,sw,aspEkte,sml&vod,0
151,NA,aspect,sw,at@,0,1
151,NA,aspect,sw,espEk,sml&vad,0
151,NA,aspect,sw,espEs,vad,1
152,NA,étiole,sw,0,skip,NA
152,NA,étiole,sw,esiol,sml,0
152,NA,étiole,sw,esjol,sml,0
152,NA,étiole,sw,etiol,CR,NA
152,NA,étiole,sw,etiol*,CR,NA
152,NA,étiole,sw,etol,vom,1
152,NA,étiole,sw,etwa,vvlp&com,0
152,NA,étiole,sw,etwal,vlp,1
152,NA,étiole,sw,etwal*,vvlp,1
153,NA,accident,sw,0,skip,NA
153,NA,accident,sw,aks@,vom&com,1
153,NA,accident,sw,aksid@,CR,NA
153,NA,accident,sw,asibe,gemom&sim&vsub&com,0
153,NA,accident,sw,asid,gemom&sml,1
153,NA,accident,sw,asid@,gemom,0
153,NA,accident,sw,asist@,bvsub&cvoice,1
154,NA,quatorze,sw,0,skip,NA
154,NA,quatorze,sw,kar@t,sem,1
154,NA,quatorze,sw,katolrz,cad,0
154,NA,quatorze,sw,katorz,CR,NA
154,NA,quatorze,sw,katroz,vlp,0
154,NA,quatorze,sw,katwaz,vad,0
154,NA,quatorze,sw,kazar*,com&vom&clp&vod,NA
155,NA,oignon,sw,iN§,bvom,NA
155,NA,oignon,sw,0,skip,NA
155,NA,oignon,sw,§z,0,1
155,NA,oignon,sw,iNj§,bvom,0
155,NA,oignon,sw,oiNj§,sml,0
155,NA,oignon,sw,oNj§,CR,NA
155,NA,oignon,sw,orNj§,cad,0
155,NA,oignon,sw,wag§,bom,1
155,NA,oignon,sw,wagn@,gr&vsub,NA
155,NA,oignon,sw,wan*,0,NA
155,NA,oignon,sw,waNj§,sml,0
155,NA,oignon,sw,oiaN,vgr&vad&bom,NA
155,NA,oignon,sw,waN§,sml,NA
156,NA,trot,sw,0,skip,NA
156,NA,trot,sw,tro,CR,NA
156,NA,trot,sw,trot,sml,1
156,NA,trot,sw,trwa,vad,1
157,NA,pourquoi,sw,0,skip,NA
157,NA,pourquoi,sw,purkwa,CR,NA
158,NA,dix,sw,0,skip,NA
158,NA,dix,sw,di,sml,1
158,NA,dix,sw,diks,sml,0
158,NA,dix,sw,dis,CR,NA
158,NA,dix,sw,lis,csub,1
158,NA,dix,sw,dir,cad,1
159,NA,geler,sw,gElr*,sml&vlp,NA
159,NA,geler,sw,0,skip,NA
159,NA,geler,sw,El,lneg&rneg,1
159,NA,geler,sw,g*le,sml,0
159,NA,geler,sw,gale,vad,1
159,NA,geler,sw,gele,sml,0
159,NA,geler,sw,glE,sml&vlp/bvom,0
159,NA,geler,sw,l*ve,csub&0,NA
159,NA,geler,sw,r*gEl*,bod&bvod&sml,NA
159,NA,geler,sw,rEl,0,0
159,NA,geler,sw,0,skip,NA
159,NA,geler,sw,Z*le,CR,NA
160,NA,pelure,sw,0,skip,NA
160,NA,pelure,sw,0,skip,NA
160,NA,pelure,sw,p*le,vom&vlp,1
160,NA,pelure,sw,p*lyr,CR,NA
160,NA,pelure,sw,p*lyr*,CR,NA
160,NA,pelure,sw,p*lyre,vlp/cad,0
160,NA,pelure,sw,p*lyS,sem,1
160,NA,pelure,sw,palyr,vad,0
160,NA,pelure,sw,pelyr,vsub,0
160,NA,pelure,sw,pErlyr,bod,0
160,NA,pelure,sw,pl*r,vlp,1
160,NA,pelure,sw,pl*re,vlp&vlp/cad,1
160,NA,pelure,sw,plyr*,bvom,NA
160,NA,pelure,sw,s*lyr,cad,0
161,NA,calque,sw,0,skip,NA
161,NA,calque,sw,kak*,adom,0
161,NA,calque,sw,kal,rneg,1
161,NA,calque,sw,kal*k*,bvod,0
161,NA,calque,sw,kale,com&cad/vsub,1
161,NA,calque,sw,kalk,CR,NA
161,NA,calque,sw,kalk*,sml,0
161,NA,calque,sw,kalke,vsub/cad,1
161,NA,calque,sw,kalm,csub,1
161,NA,calque,sw,kark*,csub,0
161,NA,calque,sw,klag,vlp&sim/cvoice,0
161,NA,calque,sw,klak,vlp,1
161,NA,calque,sw,klake,vlp&cad/vsub,1
162,NA,arbi,pw,0,skip,NA
162,NA,arbi,pw,abi,com,0
162,NA,arbi,pw,abri,clp,1
162,NA,arbi,pw,arb,vom,1
162,NA,arbi,pw,arb5,cod,0
162,NA,arbi,pw,arbi,CR,NA
162,NA,arbi,pw,arbr,bsub,1
162,NA,arbi,pw,arib,vlp,0
162,NA,arbi,pw,ba,skip,0
163,NA,flache,pw,0,skip,0
163,NA,flache,pw,faS,clom,1
163,NA,flache,pw,fl@S,cod,1
163,NA,flache,pw,flaS,CR,NA
163,NA,flache,pw,flaS*,CR,NA
163,NA,flache,pw,flaSe,vsub,1
163,NA,flache,pw,flaZ,cvoice,0
163,NA,flache,pw,plaZ,cad&cvoice,1
163,NA,flache,pw,SaS,bsub,0
163,NA,flache,pw,vlaS,cvoice,0
164,NA,noveau,pw,0,skip,NA
164,NA,noveau,pw,n*vo,bvsub,0
164,NA,noveau,pw,nevo,vsub,0
164,NA,noveau,pw,nobr*,skip,0
164,NA,noveau,pw,norvo,cad,0
164,NA,noveau,pw,nov,rneg,0
164,NA,noveau,pw,nov*,vom,0
164,NA,noveau,pw,novo,CR,NA
164,NA,noveau,pw,nuvo,bvod,1
165,NA,pocile,pw,0,skip,NA
165,NA,pocile,pw,fasil,cad&vad,1
165,NA,pocile,pw,pasil,vad,0
165,NA,pocile,pw,pokil,sml,0
165,NA,pocile,pw,poli,com&vlp,1
165,NA,pocile,pw,polil,bsub,0
165,NA,pocile,pw,polis,clp,1
165,NA,pocile,pw,posibl*,cod,1
165,NA,pocile,pw,posil,CR,NA
165,NA,pocile,pw,posil*,CR,NA
165,NA,pocile,pw,vosil,csub,0
166,NA,trapide,pw,0,skip,NA
166,NA,trapide,pw,parti,skip,1
166,NA,trapide,pw,trabid,sim,0
166,NA,trapide,pw,trabik,sim&csub,0
166,NA,trapide,pw,trapi,com,0
166,NA,trapide,pw,trapid,CR,NA
166,NA,trapide,pw,trapid*,CR,NA
166,NA,trapide,pw,trapir,csub,0
167,NA,lagne,pw,0,skip,0
167,NA,lagne,pw,l@g,clp&sml,1
167,NA,lagne,pw,l@n,com,NA
167,NA,lagne,pw,l@Z,clp,1
167,NA,lagne,pw,l5N,vsub&clp,1
167,NA,lagne,pw,l§g,vad&clp,1
167,NA,lagne,pw,lag,rneg,0
167,NA,lagne,pw,lagl,bsub,0
167,NA,lagne,pw,lam*,skip,1
167,NA,lagne,pw,laN,CR,NA
167,NA,lagne,pw,laNe,vsub,0
167,NA,lagne,pw,lav,skip,1
167,NA,lagne,pw,laZ,com,0
168,NA,géont,pw,0,skip,NA
168,NA,géont,pw,ge@,sml&vad,0
168,NA,géont,pw,ge§,sml,0
168,NA,géont,pw,geo,sml&com,0
168,NA,géont,pw,Ne§,bod,0
168,NA,géont,pw,Z@,skip,0
168,NA,géont,pw,Z@r@,skip,0
168,NA,géont,pw,Ze@,vad,1
168,NA,géont,pw,Ze§,CR,NA
168,NA,géont,pw,Ze§t,sml,0
168,NA,géont,pw,Zemo,skip,0
168,NA,géont,pw,Zenon,bod,0
168,NA,géont,pw,Zeo,rneg,1
169,NA,klapin,pw,0,skip,0
169,NA,klapin,pw,glap5,cad,0
169,NA,klapin,pw,glapi,cad&adom,0
169,NA,klapin,pw,kalp5,vlp,1
169,NA,klapin,pw,klap5,CR,NA
169,NA,klapin,pw,klapi,adom,0
169,NA,klapin,pw,klapin,vgr,0
170,NA,pourte,pw,0,skip,NA
170,NA,pourte,pw,burd,cvoice,1
170,NA,pourte,pw,por,vom&vom,1
170,NA,pourte,pw,port,vom,1
170,NA,pourte,pw,port*,vom,1
170,NA,pourte,pw,prut,clp,1
170,NA,pourte,pw,pudr,clp/cvoice&csub,1
170,NA,pourte,pw,pur,rneg,1
170,NA,pourte,pw,purt,CR,NA
170,NA,pourte,pw,purt*,CR,NA
170,NA,pourte,pw,purtr*,bod,0
170,NA,pourte,pw,put,adom,1
170,NA,pourte,pw,putr,clp,1
170,NA,pourte,pw,putr*,clp,1
171,NA,blacon,pw,0,skip,0
171,NA,blacon,pw,bal@s§,bod&bvod,1
171,NA,blacon,pw,balk§,vlp,1
171,NA,blacon,pw,bl@k§,bod,0
171,NA,blacon,pw,bl@ko,clp,1
171,NA,blacon,pw,bl@ku,clp&vod,0
171,NA,blacon,pw,blag§,cvoice,0
171,NA,blacon,pw,blak§,CR,NA
171,NA,blacon,pw,blakon,vgr,0
171,NA,blacon,pw,blas§,sml,0
171,NA,blacon,pw,blaz§,csub,1
171,NA,blacon,pw,glas§,csub&sml,1
171,NA,blacon,pw,klatr§,skip,0
171,NA,blacon,pw,klatr§,skip,0
171,NA,blacon,pw,plak§,cad,0
172,NA,hatiberai,pw,0,skip,0
172,NA,hatiberai,pw,@tib*rE,cod,0
172,NA,hatiberai,pw,atibEre,sml,NA
172,NA,hatiberai,pw,aberE,com&vom,0
172,NA,hatiberai,pw,abib*re,bsub,0
172,NA,hatiberai,pw,abib*rE,bsub,0
172,NA,hatiberai,pw,abit*b*re,clp&bod&bvod,0
172,NA,hatiberai,pw,abit*bErE,clp&bod&bvod,0
172,NA,hatiberai,pw,abit*ra,clp&vom,1
172,NA,hatiberai,pw,abit*rE,clp,1
172,NA,hatiberai,pw,adib*rE,cvoice,0
172,NA,hatiberai,pw,alid*rE,cad&sim,0
172,NA,hatiberai,pw,apit*-b*rE,skip,0
172,NA,hatiberai,pw,artib*rE,cad/bod,0
172,NA,hatiberai,pw,atib,rneg,0
172,NA,hatiberai,pw,atib*ra,vom,0
172,NA,hatiberai,pw,atib*re,CR,NA
172,NA,hatiberai,pw,atib*rE,CR,NA
172,NA,hatiberai,pw,atib*ri,advom,0
172,NA,hatiberai,pw,atib*tre,bod,0
172,NA,hatiberai,pw,atibere,sml,0
172,NA,hatiberai,pw,atibErE,sml,0
172,NA,hatiberai,pw,atibrE,CR,NA
172,NA,hatiberai,pw,atibl*,cad&sylom,0
172,NA,hatiberai,pw,kabib*re,csub&bod,0
172,NA,hatiberai,pw,katibErE,csub&sml,0
173,NA,voclan,pw,0,skip,NA
173,NA,voclan,pw,valk§,vad/bvsub&clp,0
173,NA,voclan,pw,vlac§,vlp,0
173,NA,voclan,pw,vlok@,clp,0
173,NA,voclan,pw,vlokl@,bod,0
173,NA,voclan,pw,vogl@,cvoice,0
173,NA,voclan,pw,vok§,com&bvsub,0
173,NA,voclan,pw,vokl@,CR,NA
173,NA,voclan,pw,voklan,sml,0
173,NA,voclan,pw,vokle,vad,0
173,NA,voclan,pw,vol@,com,1
173,NA,voclan,pw,volk@,clp,1
173,NA,voclan,pw,volkal,clp&bsub,0
173,NA,voclan,pw,volkl@,bod,0
173,NA,voclan,pw,vosl@,sml,0
174,NA,pormis,pw,0,skip,
174,NA,pormis,pw,parmi,vad,1
174,NA,pormis,pw,parmo,vad&bvsub,0
174,NA,pormis,pw,pir,skip,0
174,NA,pormis,pw,porme,vsub,0
174,NA,pormis,pw,pormi,CR,NA
174,NA,pormis,pw,pormis,sml,0
174,NA,pormis,pw,prome,vlp&vsub,0
174,NA,pormis,pw,promi,vlp,1
175,NA,anical,pw,0,skip,NA
175,NA,anical,pw,@isa,sml&adom,0
175,NA,anical,pw,@kali,sml&vlpe,0
175,NA,anical,pw,@nikal,sml,0
175,NA,anical,pw,@nikla,sml&vlp,0
175,NA,anical,pw,@nisal,sml,0
175,NA,anical,pw,anika,adom,0
175,NA,anical,pw,anikal,CR,NA
175,NA,anical,pw,anikl,vom,0
175,NA,anical,pw,anikla,vlp,0
175,NA,anical,pw,anikl*,vom,0
175,NA,anical,pw,anisal,sml,0
175,NA,anical,pw,sitr§,skip,1
176,NA,spil,pw,0,skip,0
176,NA,spil,pw,pil,lneg/com,1
176,NA,spil,pw,pil*,com/lneg,1
176,NA,spil,pw,sipil,bvod,0
176,NA,spil,pw,slip,clp,1
176,NA,spil,pw,spa,skip,1
176,NA,spil,pw,spi,adom,0
176,NA,spil,pw,spil,CR,NA
176,NA,spil,pw,spin,csub,0
176,NA,spil,pw,spis,csub,0
176,NA,spil,pw,spli,vlp,0
176,NA,spil,pw,splil,bod,0
176,NA,spil,pw,sti,csub&com,0
177,NA,catron,pw,0,skip,0
177,NA,catron,pw,kalt§,cod&com,0
177,NA,catron,pw,kar§,com,0
177,NA,catron,pw,karpr§,skip,0
177,NA,catron,pw,kart@,clp&bvsub,0
177,NA,catron,pw,kart§,clp,1
177,NA,catron,pw,kartr§,bod,0
177,NA,catron,pw,katr@,bvsub,0
177,NA,catron,pw,katr§,CR,NA
177,NA,catron,pw,katro,com,0
177,NA,catron,pw,kortr§,bvsub&bod,0
177,NA,catron,pw,satr§,sml,0
178,NA,gruse,pw,0,skip,0
178,NA,gruse,pw,bys,skip,1
178,NA,gruse,pw,glyrs,skip,0
178,NA,gruse,pw,griz,vad,1
178,NA,gruse,pw,gros,vsub&gemod,1
178,NA,gruse,pw,grys,gemod,1
178,NA,gruse,pw,gryz,CR,NA
178,NA,gruse,pw,gyr,vlp&com,0
178,NA,gruse,pw,kr*,cvoice/cad&vom&com,1
178,NA,gruse,pw,kr*z,cvoice/cad&vbsub,1
178,NA,gruse,pw,kryS,cvoice/cad,1
178,NA,gruse,pw,kryse,cvoice/cad&gemod&vsub,0
178,NA,gruse,pw,kryz,cvoice/cad,0
178,NA,gruse,pw,rys,com/lneg&gemod,1
178,NA,gruse,pw,ryz*,com/lneg,1
179,NA,matreau,pw,0,skip,0
179,NA,matreau,pw,m@tro,cod,0
179,NA,matreau,pw,marto,clp,1
179,NA,matreau,pw,martro,bod,0
179,NA,matreau,pw,matr§,advom,1
179,NA,matreau,pw,matro,CR,NA
179,NA,matreau,pw,metre,skip,0
180,NA,corque,pw,0,skip,0
180,NA,corque,pw,kok*,com,0
180,NA,corque,pw,kord,sim,1
180,NA,corque,pw,korg,cad,0
180,NA,corque,pw,kork,CR,NA
180,NA,corque,pw,korkr,bod,0
180,NA,corque,pw,kort,csub,0
180,NA,corque,pw,krok,vlp,1
180,NA,corque,pw,kurk,bvod,0
180,NA,corque,pw,kurt,skip,1
180,NA,corque,pw,korn,skip,1
181,NA,dummage,pw,0,skip,0
181,NA,dummage,pw,bymaZ,sim,0
181,NA,dummage,pw,d1mag*,sml,0
181,NA,dummage,pw,dimaZ,vsub,0
181,NA,dummage,pw,dumaZ,vad,0
181,NA,dummage,pw,dymag,sml,0
181,NA,dummage,pw,dymaS,cvoice,0
181,NA,dummage,pw,dymaZ,CR,NA
181,NA,dummage,pw,dymaZ*,CR,NA
181,NA,dummage,pw,dyrmaZ,cad,0
181,NA,dummage,pw,gymaZ,bsub,0
182,NA,éballon,pw,0,skip,NA
182,NA,éballon,pw,abal§,bvsub,0
182,NA,éballon,pw,eba§,com,0
182,NA,éballon,pw,ebaij§,vod,0
182,NA,éballon,pw,ebaj§,vod,0
182,NA,éballon,pw,ebal§,CR,NA
182,NA,éballon,pw,ebalj§,vod,0
182,NA,éballon,pw,ebl§,vom,0
182,NA,éballon,pw,eblal§,vlp,0
182,NA,éballon,pw,epal§,sim,0
183,NA,troche,pw,0,skip,NA
183,NA,troche,pw,droS,cad,0
183,NA,troche,pw,ekors,skip,1
183,NA,troche,pw,torS,vlp,1
183,NA,troche,pw,tr@S,vad&cod,0
183,NA,troche,pw,tr§S,cod,0
183,NA,troche,pw,trok,gr,1
183,NA,troche,pw,troS,CR,NA
183,NA,troche,pw,troS*,CR,NA
183,NA,troche,pw,troz,csub,0
184,NA,glabe,pw,0,skip,NA
184,NA,glabe,pw,bla,cad&com,0
184,NA,glabe,pw,blab,bsub/cad,0
184,NA,glabe,pw,blad,bsub/cad&sim,0
184,NA,glabe,pw,gab*,com,0
184,NA,glabe,pw,gabal,clp&bvod,0
184,NA,glabe,pw,galb,vlp,1
184,NA,glabe,pw,gald,vlp&sim,0
184,NA,glabe,pw,glab,CR,NA
184,NA,glabe,pw,glab*,CR,NA
184,NA,glabe,pw,glad,sim,0
184,NA,glabe,pw,glat,csub,0
184,NA,glabe,pw,glEb,vad,0
184,NA,glabe,pw,glob,vad,0
184,NA,glabe,pw,kabl,cvoice&clp,1
184,NA,glabe,pw,kalb,cvoice&vlp,0
184,NA,glabe,pw,klab,cvoice,0
185,NA,batiller,pw,0,skip,NA
185,NA,batiller,pw,badije,csub/cvoice,0
185,NA,batiller,pw,bailie,com&bvod,0
185,NA,batiller,pw,balde,skip,0
185,NA,batiller,pw,bate,vom&com,1
185,NA,batiller,pw,batElie,skip,0
185,NA,batiller,pw,bati,rneg/com,0
185,NA,batiller,pw,batij,rneg/com,0
185,NA,batiller,pw,batije,CR,NA
185,NA,batiller,pw,batiji,bvsub,0
185,NA,batiller,pw,batil,gemom/com,0
185,NA,batiller,pw,batil*r,gemom&vgr,0
185,NA,batiller,pw,batile,gemom,0
185,NA,batiller,pw,batilEr,sml,0
185,NA,batiller,pw,batirle,bod,0
185,NA,batiller,pw,pasjale,skip,0
185,NA,batiller,pw,patije,cvoice/sim,0
185,NA,batiller,pw,patile,sim/cvoice&gemom,0
185,NA,batiller,pw,patise,sim/cvoice&csub,1
185,NA,batiller,pw,pir*,skip,1
186,NA,truche,pw,0,skip,0
186,NA,truche,pw,bryS,cad,1
186,NA,truche,pw,pryS,csub,0
186,NA,truche,pw,tr*S,vsub,0
186,NA,truche,pw,truS,vod,0
186,NA,truche,pw,tryk,gr,1
186,NA,truche,pw,tryS,CR,NA
186,NA,truche,pw,trySe,cad,0
187,NA,ovile,pw,0,skip,NA
187,NA,ovile,pw,aliN,skip,1
187,NA,ovile,pw,ivoli,vvlp&bvod,0
187,NA,ovile,pw,oliv,clp,1
187,NA,ovile,pw,ovi,com,0
187,NA,ovile,pw,ovil,CR,NA
187,NA,ovile,pw,ovli,vlp,0
187,NA,ovile,pw,ovyl,vad,1
188,NA,proc,pw,0,skip,NA
188,NA,proc,pw,bork,sim&vlp,0
188,NA,proc,pw,pokr,clpe,0
188,NA,proc,pw,por,vlp,1
188,NA,proc,pw,pork,vlp,1
188,NA,proc,pw,poro,bod,0
188,NA,proc,pw,porS,vlp&cod,1
188,NA,proc,pw,pors,vlp&sml,0
188,NA,proc,pw,pr,rneg,0
188,NA,proc,pw,pro,sml,1
188,NA,proc,pw,prok,CR,NA
188,NA,proc,pw,pros,sml,0
188,NA,proc,pw,pros*,sml,0
188,NA,proc,pw,proS,cod,NA
188,NA,proc,pw,trok,csub,1
189,NA,scolle,pw,0,skip,NA
189,NA,scolle,pw,Eskol,bvod,0
189,NA,scolle,pw,eskol,bvod,0
189,NA,scolle,pw,kol,gr,1
189,NA,scolle,pw,ksol,clp,0
189,NA,scolle,pw,skla,skip,0
189,NA,scolle,pw,sklol,vlp,0
189,NA,scolle,pw,skol,CR,NA
189,NA,scolle,pw,skol*,CR,NA
189,NA,scolle,pw,skole,cod/csub,0
189,NA,scolle,pw,skul,vod,0
189,NA,scolle,pw,slok,clp&vlp,0
189,NA,scolle,pw,slol,bsub,0
189,NA,scolle,pw,sol,gr,1
189,NA,scolle,pw,spol,csub,0
190,NA,fotre,pw,0,skip,NA
190,NA,fotre,pw,flor,cod&com,1
190,NA,fotre,pw,for,com,1
190,NA,fotre,pw,fort,clp,1
190,NA,fotre,pw,fortr,bod,0
190,NA,fotre,pw,fortr*,bod,0
190,NA,fotre,pw,fot*,com,1
190,NA,fotre,pw,fotr,CR,NA
190,NA,fotre,pw,fotr*,CR,NA
190,NA,fotre,pw,frot,clp,1
190,NA,fotre,pw,frotr,bod,0
190,NA,fotre,pw,futr,vad,1
191,NA,pulbic,pw,0,skip,0
191,NA,pulbic,pw,piblik,bvsub&clp,0
191,NA,pulbic,pw,plyb,vlp&rneg,0
191,NA,pulbic,pw,plybik,vlp,0
191,NA,pulbic,pw,plyblik,vlp&bod,0
191,NA,pulbic,pw,polbik,vad,0
191,NA,pulbic,pw,poldik,vad&sim,0
191,NA,pulbic,pw,pyb,com&rneg,1
191,NA,pulbic,pw,pybi,com&sml,0
191,NA,pulbic,pw,pybik,com,0
191,NA,pulbic,pw,pybli,clp&sml,1
191,NA,pulbic,pw,pyblik,clp,1
191,NA,pulbic,pw,pylbi,sml,0
191,NA,pulbic,pw,pylbik,CR,NA
191,NA,pulbic,pw,pylblik,bod,0
191,NA,pulbic,pw,pylpi,sim/bsub&sml,1
191,NA,pulbic,pw,pylpik,bsub/sim,0
191,NA,pulbic,pw,pyltik,cad,0
192,NA,gaise,pw,0,skip,0
192,NA,gaise,pw,bEz,csub,1
192,NA,gaise,pw,dZel,skip,0
192,NA,gaise,pw,gEjs,gemod,0
192,NA,gaise,pw,gEs,gemod,0
192,NA,gaise,pw,ges*,gemod,0
192,NA,gaise,pw,gEz,CR,NA
192,NA,gaise,pw,glEs,cad&gemod,0
192,NA,gaise,pw,glEz,cad,0
192,NA,gaise,pw,grEs,cod&gemod,1
192,NA,gaise,pw,grEz,cod,0
192,NA,gaise,pw,kEs,cvoice&gemod,1
192,NA,gaise,pw,kras,skip,1
192,NA,gaise,pw,trEz,skip,1
192,NA,gaise,pw,Z@s,sml&cad,0
192,NA,gaise,pw,ZEs,sml&gemod,0
192,NA,gaise,pw,Zes,sml&gemod,0
192,NA,gaise,pw,ZEs*,sml&gemod,NA
192,NA,gaise,pw,Zez,sml,0
192,NA,gaise,pw,ZEz,sml,0
193,NA,reprati,pw,0,skip,NA
193,NA,reprati,pw,r*parti,vlp,1
193,NA,reprati,pw,r*partie,vlp&vod,0
193,NA,reprati,pw,r*partir,vlp&bod,1
193,NA,reprati,pw,r*partri,vlp&bod,0
193,NA,reprati,pw,r*patri,clp,0
193,NA,reprati,pw,r*prarti,bod,0
193,NA,reprati,pw,r*prasj§,sml&vod&cod,0
193,NA,reprati,pw,r*prati,CR,NA
193,NA,reprati,pw,r*pratri,bod,0
193,NA,reprati,pw,r*prEti,bvod,0
193,NA,reprati,pw,r*trati,bsub,0
193,NA,reprati,pw,raparti,bvsub&vlp,0
193,NA,reprati,pw,rapid,skip,1
193,NA,reprati,pw,reparti,vlp,1
193,NA,reprati,pw,repartir,vlp&bod,1
193,NA,reprati,pw,reprarti,bod,0
193,NA,reprati,pw,reprati,CR,0
194,NA,mantou,pw,0,skip,NA
194,NA,mantou,pw,m@t§,sim/bsub,1
194,NA,mantou,pw,m@to,vom/rneg,1
194,NA,mantou,pw,m@tu,CR,NA
194,NA,mantou,pw,m§t§,bvsub&bsub/sim,0
194,NA,mantou,pw,mant§,vgr&sim/bsub,0
194,NA,mantou,pw,manto,vgr&vom/rneg,1
194,NA,mantou,pw,metu,vad,0
194,NA,mantou,pw,t§m@,skip,0
194,NA,mantou,pw,t§m@,clp&vlp&sim,0
195,NA,quafilie,pw,0,skip,NA
195,NA,quafilie,pw,faSi,skip,0
195,NA,quafilie,pw,gafil,cvoice&bvom,0
195,NA,quafilie,pw,gafili,cvoice,0
195,NA,quafilie,pw,gafiliz,cvoice&cod,0
195,NA,quafilie,pw,k*file,skip,0
195,NA,quafilie,pw,kafi,sylom,0
195,NA,quafilie,pw,kafil,bvom,0
195,NA,quafilie,pw,kafile,bvom&cad,0
195,NA,quafilie,pw,kafili,CR,NA
195,NA,quafilie,pw,kafilir,cad,0
195,NA,quafilie,pw,kafilje,cad,0
195,NA,quafilie,pw,kalfili,bod,0
195,NA,quafilie,pw,kalifile,bom&bvom&cad,0
195,NA,quafilie,pw,kalifi,clp,1
195,NA,quafilie,pw,kalifili,clp&bom,0
195,NA,quafilie,pw,mafil,cad&vom,0
195,NA,quafilie,pw,pafil,sim&vom,0
196,NA,socrier,pw,0,skip,NA
196,NA,socrier,pw,kori,skip,0
196,NA,socrier,pw,sakroe,vad&vsub,0
196,NA,socrier,pw,skokri,bod&com,0
196,NA,socrier,pw,skokrije,bod,0
196,NA,socrier,pw,skorie,vlp,0
196,NA,socrier,pw,skotSe,vlp,1
196,NA,socrier,pw,skrorjEr,clp&sim,0
196,NA,socrier,pw,socre,vom,0
196,NA,socrier,pw,sokiEr,com,0
196,NA,socrier,pw,sokri,rneg/bom,0
196,NA,socrier,pw,sokrie,CR,NA
196,NA,socrier,pw,sokriEr,sml,0
196,NA,socrier,pw,sorjEr,com,0
196,NA,socrier,pw,sorkie,clp,0
196,NA,socrier,pw,sorkje,clp,0
196,NA,socrier,pw,sorkri,clp&bom/rneg,0
196,NA,socrier,pw,sorkrije,clp,0
196,NA,socrier,pw,sorkrje,clp,0
196,NA,socrier,pw,sorsi,clp&bom/rneg,0
196,NA,socrier,pw,sorsie,clp,1
196,NA,socrier,pw,sorsiEr,clp,1
196,NA,socrier,pw,sorsje,clp,1
196,NA,socrier,pw,sorsrie,bod,0
196,NA,socrier,pw,sortir,skip,1
196,NA,socrier,pw,sosrie,sml,0
197,NA,moigre,pw,mwaNe,com&vlp,NA
197,NA,moigre,pw,0,skip,NA
197,NA,moigre,pw,m§gr*,csub,0
197,NA,moigre,pw,m5gr,vom&cod,0
197,NA,moigre,pw,magr,vad,0
197,NA,moigre,pw,mEgr,vad,1
197,NA,moigre,pw,mEgr*,vad,1
197,NA,moigre,pw,megr*,vad,1
197,NA,moigre,pw,mogr,vom,0
197,NA,moigre,pw,mogr*,vom,0
197,NA,moigre,pw,mogrE,vom&cad/bod,0
197,NA,moigre,pw,mogri,vlp,0
197,NA,moigre,pw,mor,com&vom,1
197,NA,moigre,pw,mw5gr,cod,0
197,NA,moigre,pw,mw5gr*,cod,0
197,NA,moigre,pw,mwa,rneg,1
197,NA,moigre,pw,mwadr,csub,0
197,NA,moigre,pw,mwagEr,vlp,0
197,NA,moigre,pw,mwagr,CR,NA
197,NA,moigre,pw,mwagr*,CR,NA
197,NA,moigre,pw,mwagr@,cod,0
197,NA,moigre,pw,mwagre,cad,0
197,NA,moigre,pw,mwakr,ad,0
197,NA,moigre,pw,mwal,cad&rneg,1
197,NA,moigre,pw,mwaN,csub&rneg,0
197,NA,moigre,pw,mwan,csub&rneg,0
197,NA,moigre,pw,mwaNgr,cod,0
197,NA,moigre,pw,mwangr,cod,0
197,NA,moigre,pw,mwaZ,com,0
197,NA,moigre,pw,mwaZe,vlp,0
197,NA,moigre,pw,mwaZgr*,sml,0
197,NA,moigre,pw,mwaZi,bvsub,0
197,NA,moigre,pw,mwaZir,bvod,0
198,NA,ibole,pw,0,skip,NA
198,NA,ibole,pw,1bol,skip,0
198,NA,ibole,pw,bul,vsub/cad,1
198,NA,ibole,pw,iblo,vlp,0
198,NA,ibole,pw,ibol,CR,NA
198,NA,ibole,pw,ibul,vod,0
198,NA,ibole,pw,ibwal,vad,0
198,NA,ibole,pw,idol,sim,1
198,NA,ibole,pw,idol*,sim,1
198,NA,ibole,pw,imol,csub,0
198,NA,ibole,pw,oblo,bvsub&vlp,0
198,NA,ibole,pw,oboli,bod&vvlp,0
199,NA,virtail,pw,0,skip,0
199,NA,virtail,pw,valtri,vlp&clp&bvom,0
199,NA,virtail,pw,vartaj,vad/bvsub,0
199,NA,virtail,pw,vatrEl,bvsub&clp&vgr,0
199,NA,virtail,pw,viktEl,csub&vgr,0
199,NA,virtail,pw,viltaj,bsub,0
199,NA,virtail,pw,viral,com&bvom,1
199,NA,virtail,pw,virE,com&vgr,0
199,NA,virtail,pw,virtai,vgr,0
199,NA,virtail,pw,virtaj,CR,NA
199,NA,virtail,pw,virtajl*,sbs,0
199,NA,virtail,pw,virtal,bvom,0
199,NA,virtail,pw,virtE,vgr,0
199,NA,virtail,pw,virtEj,vgr,0
199,NA,virtail,pw,virtEl,vgr,0
199,NA,virtail,pw,virtia,vvlp&com,0
199,NA,virtail,pw,virtraj,bod,0
199,NA,virtail,pw,vit,com&rneg,1
199,NA,virtail,pw,vitaj,com,0
199,NA,virtail,pw,vital,com&vom,1
199,NA,virtail,pw,vite,com&vgr,0
199,NA,virtail,pw,vitEj,com&vgr,0
199,NA,virtail,pw,vitiral,clp&vlp,0
199,NA,virtail,pw,vitraj,clp,1
199,NA,virtail,pw,vitral,clp&bvom,0
199,NA,virtail,pw,vitrEj,clp&vgr,0
199,NA,virtail,pw,vritaj,vlp,0
200,NA,miatre,pw,0,skip,NA
200,NA,miatre,pw,martrii,skip,0
200,NA,miatre,pw,mat,advom&rneg,1
200,NA,miatre,pw,matr,advom,0
200,NA,miatre,pw,mede,vvlp&cvoice&vlp,0
200,NA,miatre,pw,mEtr,vvlp,1
200,NA,miatre,pw,mEtr*,vvlp,1
200,NA,miatre,pw,metrEs,vvlp&cod,1
200,NA,miatre,pw,miag,csub&rneg,0
200,NA,miatre,pw,miart,clp,0
200,NA,miatre,pw,miat,com,0
200,NA,miatre,pw,miatr,CR,NA
200,NA,miatre,pw,miatr*,CR,NA
200,NA,miatre,pw,miEtr,bvod,0
200,NA,miatre,pw,migiatr,cod&bvod,0
200,NA,miatre,pw,minjatr*,cod&bod,0
200,NA,miatre,pw,minZatr*,skip,0
200,NA,miatre,pw,miratr*,bod,0
200,NA,miatre,pw,mjartr*,bod,0
200,NA,miatre,pw,moltr,vad&cad,0
200,NA,miatre,pw,mw5dr,skip,1
201,NA,rabio,pw,0,skip,NA
201,NA,rabio,pw,rabi§,cod,0
201,NA,rabio,pw,rabio,CR,NA
201,NA,rabio,pw,rabiu,vod,0
201,NA,rabio,pw,rabo,vom,0
201,NA,rabio,pw,rabwa,vvlp,0
201,NA,rabio,pw,radio,sim,1
201,NA,rabio,pw,radjo,sim,1
201,NA,rabio,pw,roboi,bvod&vvlp,0
201,NA,rabio,pw,robwa,bvsub&vvlp,0
201,NA,rabio,pw,vabwa,cad&vvlp,0
202,0,balle,wp,ba,adom,1
202,0,balle,wp,baj,vad,1
202,0,balle,wp,bal,CR,NA
202,0,balle,wp,bal*,CR,NA
202,0,balle,wp,bale,vsub,1
202,0,balle,wp,baz,cad,1
202,0,balle,wp,bEl,vad,1
202,0,balle,wp,bla,vlp,0
203,1,selle,wp,s*l,sml,1
203,1,selle,wp,sal,vad,1
203,1,selle,wp,sale,vad&vsub,1
203,1,selle,wp,sej,vad,0
203,1,selle,wp,sEl,CR,NA
203,1,selle,wp,sElz,cad,0
203,1,selle,wp,sEr,cad,1
204,0,bise,wp,bEs,vad&gemod,1
204,0,bise,wp,bEz,vad,1
204,0,bise,wp,bi,adom,1
204,0,bise,wp,bis,gemod,1
204,0,bise,wp,bis*,gemod,0
204,0,bise,wp,biz,CR,NA
204,0,bise,wp,biz*,sbs,1
204,0,bise,wp,briz,cod,1
204,0,bise,wp,brize,cod&vsub,1
204,0,bise,wp,pist,sim&cod,1
205,1,vase,wp,baz,cad,1
205,1,vase,wp,va,adom,1
205,1,vase,wp,val,cad,1
205,1,vase,wp,vars,cad,0
205,1,vase,wp,vas,gemod,1
205,1,vase,wp,vas*,gemod,0
205,1,vase,wp,vaz,CR,NA
205,1,vase,wp,vaz*,sbs,1
205,1,vase,wp,viz,vad,1
205,1,vase,wp,vos,vsub&gemod,0
206,0,murs,wp,mar,vad,1
206,0,murs,wp,myr,CR,NA
206,0,murs,wp,myr*,sbs,1
207,1,sers,wp,0,skip,NA
207,1,sers,wp,s*,adom,1
207,1,sers,wp,s*r,sml,0
207,1,sers,wp,se,adom,1
207,1,sers,wp,sEr,CR,NA
207,1,sers,wp,sErs,sml,0
208,0,dira,wp,bir,cad&vad,0
208,0,dira,wp,dir,vad,1
208,0,dira,wp,dira,CR,NA
208,0,dira,wp,dyra,vad,1
208,0,dira,wp,pira,sim,0
209,1,dure,wp,by,cad/sim&adom,1
209,1,dure,wp,byr,cad/sim,1
209,1,dure,wp,dira,vad&vad,1
209,1,dure,wp,dyr,CR,NA
209,1,dure,wp,dyr*,CR,NA
209,1,dure,wp,dyra,vad,1
209,1,dure,wp,dyre,bvsub/bod,1
210,0,serra,wp,rave,skip,NA
210,0,serra,wp,s*ra,gemom,NA
210,0,serra,wp,sara,vad,0
210,0,serra,wp,sEl,cad,1
210,0,serra,wp,sEr,vad,1
210,0,serra,wp,sEra,CR,NA
210,0,serra,wp,sera,CR,NA
210,0,serra,wp,vEra,cad,1
211,1,verre,wp,0,skip,NA
211,1,verre,wp,v*r,sml,0
211,1,verre,wp,v*ra,sml&vad,1
211,1,verre,wp,vEr,CR,NA
211,1,verre,wp,vEr*,sbs,NA
211,1,verre,wp,vEra,vad,1
211,1,verre,wp,vera,vad,1
212,0,malle,wp,bal,cad,1
212,0,malle,wp,mail,vad,0
212,0,malle,wp,maj,vad,1
212,0,malle,wp,mal,CR,NA
212,0,malle,wp,mal*,sbs,0
212,0,malle,wp,male,vsub,0
212,0,malle,wp,mali,vsub,1
212,0,malle,wp,mEl,vad,0
213,1,bille,wp,0,skip,NA
213,1,bille,wp,bij,CR,NA
213,1,bille,wp,bije,vsub,1
213,1,bille,wp,bil,adom,1
213,1,bille,wp,bil*,adom&sbs,1
214,0,cape,wp,kaZ,cad,0
214,0,cape,wp,baZ,cad,0
214,0,cape,wp,k@p,cod,0
214,0,cape,wp,kap,CR,NA
214,0,cape,wp,kap*,sbs,NA
214,0,cape,wp,karap,cad&bvod/vad,0
214,0,cape,wp,kave,csub&vsub,NA
214,0,cape,wp,kup,vad,1
214,0,cape,wp,pap,cad,1
215,1,page,wp,0,skip,NA
215,NA,page,wp,paN,cod,NA
215,1,page,wp,baZ,cad,1
215,1,page,wp,paZ,CR,NA
215,1,page,wp,paZ*,sbs,NA
216,0,peur,wp,0,skip,NA
216,0,peur,wp,p*,cad,1
216,0,peur,wp,p*r,CR,NA
216,0,peur,wp,pEr,vom,1
216,0,peur,wp,pl*r,cod,1
216,0,peur,wp,pur,vad,1
217,1,poux,wp,bu,cad,1
217,1,poux,wp,du,sim,1
217,1,poux,wp,po,rneg,1
217,1,poux,wp,pru,cod,1
217,1,poux,wp,pu,CR,NA
217,1,poux,wp,pur,cad,1
217,1,poux,wp,tu,csub,1
218,0,mots,wp,m@,skip,1
218,0,mots,wp,mo,CR,NA
218,0,mots,wp,mot,sml,0
218,0,mots,wp,motr,cad,0
218,0,mots,wp,mu,vad,1
218,0,mots,wp,mwa,vad,1
219,1,pois,wp,bwa,sim,1
219,1,pois,wp,bwas,sim&sml,0
219,1,pois,wp,p@,skip,NA
219,1,pois,wp,po,cad,1
219,1,pois,wp,pu,vad,1
219,1,pois,wp,pw5,cad,0
219,1,pois,wp,pwa,CR,NA
219,1,pois,wp,pwal,cod,1
220,0,liège,wp,0,skip,NA
220,0,liège,wp,iEZ,lneg,0
220,0,liège,wp,l5j,cad,0
220,0,liège,wp,l5Z,cad,1
220,0,liège,wp,lEZ,advom,0
220,0,liège,wp,liar,skip,0
220,0,liège,wp,lieg*,sml/vad,NA
220,0,liège,wp,liEr,cad,1
220,0,liège,wp,liEZ,CR,NA
220,0,liège,wp,liEZ*,CR,NA
220,0,liège,wp,ligE,vom&vsub,0
220,0,liège,wp,liN*,vom&cad,NA
220,0,liège,wp,liZ*ri,skip,0
220,0,liège,wp,ljEn,cad,1
220,0,liège,wp,ljEZ,CR,NA
221,1,singe,wp,0,skip,NA
221,1,singe,wp,iEZ,skip,0
221,1,singe,wp,s5,adom,1
221,1,singe,wp,s5g,sml/vad,0
221,1,singe,wp,s5N*,bod,0
221,1,singe,wp,s5Z,CR,NA
221,1,singe,wp,s5Z*,sbs,NA
221,1,singe,wp,siN,clp,1
221,1,singe,wp,sjEz,advom&bom,0
222,0,doux,wp,d*,vad,1
222,0,doux,wp,d§,sim/cad,1
222,0,doux,wp,du,CR,NA
222,0,doux,wp,pu,cad,1
222,0,doux,wp,swa,skip,1
223,1,peux,wp,0,skip,NA
223,1,peux,wp,p*,CR,NA
223,1,peux,wp,p*r,cad,1
223,1,peux,wp,p*ti,skip,1
223,1,peux,wp,pn*,cad,1
224,0,litre,wp,libr,csub,1
224,0,litre,wp,litr,CR,NA
224,0,litre,wp,litr*,sbs,NA
224,0,litre,wp,livr,cad,1
224,0,litre,wp,livr*,cad,1
224,0,litre,wp,livre,cad&vsub,1
224,0,litre,wp,sol,skip,1
225,1,vivre,wp,f*ra,skip,1
225,1,vivre,wp,livre,cad,1
225,1,vivre,wp,pir,cad&bom,NA
225,1,vivre,wp,vi,rneg,1
225,1,vivre,wp,vir,bom,1
225,1,vivre,wp,vir*,bom,1
225,1,vivre,wp,vitr,cad,1
225,1,vivre,wp,vitr*,cad,1
225,1,vivre,wp,vivr,CR,NA
225,1,vivre,wp,vivr*,sbs,NA
225,1,vivre,wp,vri,clp&bom,NA
226,0,puis,wp,0,skip,NA
226,0,puis,wp,p8i,CR,NA
226,0,puis,wp,p8is,sml,0
226,0,puis,wp,pi,vom,0
226,0,puis,wp,pu,vad&vom&cad,1
226,0,puis,wp,pui,vad,NA
226,0,puis,wp,pwa,vad,1
226,0,puis,wp,py,advom,1
227,1,sois,wp,0,skip,NA
227,1,sois,wp,si,advom,1
227,1,sois,wp,sw5,cad,1
227,1,sois,wp,swa,CR,NA
228,0,mille,wp,foli,skip,NA
228,0,mille,wp,mij,adom,1
228,0,mille,wp,mil,CR,NA
228,0,mille,wp,mil*,sbs,NA
229,1,folle,wp,f*j,0,1
229,1,folle,wp,foj,0,0
229,1,folle,wp,fol,CR,NA
229,1,folle,wp,fol*,CR,NA
229,1,folle,wp,forl*,cad,0
229,1,folle,wp,ful,vod,1
229,1,folle,wp,fwa,vad,1
229,1,folle,wp,fwal,vad,0
229,1,folle,wp,mil,skip,NA
230,0,peine,wp,p5,vgr,1
230,0,peine,wp,pE,adom,1
230,0,peine,wp,pEn,CR,NA
230,0,peine,wp,pEn*,CR,NA
230,0,peine,wp,pErson,skip,1
230,0,peine,wp,pi5,bvod,NA
230,0,peine,wp,pin*,adom,0
230,0,peine,wp,pir*,adom&cad,NA
230,0,peine,wp,pl5,cad&vgr,1
230,0,peine,wp,plEn,cad,1
231,1,reins,wp,r,rneg,0
231,1,reins,wp,r*,rneg,1
231,1,reins,wp,r@m*,skip,NA
231,1,reins,wp,r5,CR,NA
231,1,reins,wp,r5s,sml,1
231,1,reins,wp,rE,rneg,1
231,1,reins,wp,re5,vgr,0
231,1,reins,wp,rEn,vgr,1
231,1,reins,wp,rEn*,vgr,1
231,1,reins,wp,ri5,vvlp,1
231,1,reins,wp,riEn,vvlp,0
231,1,reins,wp,rj5,vvlp,1
232,0,mont,wp,m§,CR,NA
232,0,mont,wp,m§t,sml,1
232,0,mont,wp,mo,adom,0
232,0,mont,wp,mont,sml,0
232,0,mont,wp,mot,adom&sml,1
232,0,mont,wp,p§,cad,1
232,0,mont,wp,s@,cad&vad,1
232,0,mont,wp,s§,cad,1
233,1,sent,wp,m@,cad,1
233,1,sent,wp,s@,CR,NA
233,1,sent,wp,s@s,bsub/cad,1
233,1,sent,wp,s§,vad,1
233,1,sent,wp,s5,vad,1
233,1,sent,wp,sEn,vgr,0
233,1,sent,wp,sEt,adom,1
234,0,aire,wp,0,skip,NA
234,0,aire,wp,ar,advom,1
234,0,aire,wp,e,rneg,1
234,0,aire,wp,Er,CR,NA
234,0,aire,wp,er,CR,NA
234,0,aire,wp,er*,sbs,NA
234,0,aire,wp,Er*,sbs,NA
234,0,aire,wp,pEr,cad,1
235,1,pile,wp,0,skip,NA
235,1,pile,wp,bil,sim,1
235,1,pile,wp,pij,gemod,0
235,1,pile,wp,pil,CR,NA
235,1,pile,wp,pil*,sbs,NA
235,1,pile,wp,pir,cad,1
235,1,pile,wp,pli*,vlp,NA
235,1,pile,wp,pliN,vlp&cod,0
236,0,aime,wp,0,skip,NA
236,0,aime,wp,ami,vlp,1
236,0,aime,wp,an,cod&vom&com,1
236,0,aime,wp,arm,cad,1
236,0,aime,wp,Em,CR,NA
236,0,aime,wp,em,CR,NA
236,0,aime,wp,em*,sbs,NA
236,0,aime,wp,Eme,vad,1
236,0,aime,wp,eme,vad,1
236,0,aime,wp,Er,cad,1
237,1,armé,wp,0,skip,NA
237,1,armé,wp,amitie,skip,NA
237,1,armé,wp,arm,vad,1
237,1,armé,wp,arm*,vad,1
237,1,armé,wp,arme,CR,NA
237,1,armé,wp,Em,vad&vad,1
237,1,armé,wp,Erme,vad,0
237,1,armé,wp,mar,clp&vom,1
238,0,bout,wp,bu,CR,NA
238,0,bout,wp,bul*,csub,1
238,0,bout,wp,but,sml,1
238,0,bout,wp,bwa,vad,1
238,0,bout,wp,du,sim,1
238,0,bout,wp,pu,cad/sim,1
238,0,bout,wp,t§,cad&sim,1
238,0,bout,wp,tu,cad,1
239,1,toit,wp,bul,cad&vad&cad,1
239,1,toit,wp,tu,vad,1
239,1,toit,wp,twa,CR,NA
240,0,lame,wp,armi,skip,0
240,0,lame,wp,lam,CR,NA
240,0,lame,wp,lam*,sbs,NA
240,0,lame,wp,larm,cad,1
240,0,lame,wp,larm*,cad,1
241,1,rime,wp,0,skip,NA
241,1,rime,wp,ri,adom,1
241,1,rime,wp,rim,CR,NA
241,1,rime,wp,rim*,sbs,NA
241,1,rime,wp,rir,bsub,1
241,1,rime,wp,riS,csub,1
242,0,soin,wp,0,skip,NA
242,0,soin,wp,s§,advom,1
242,0,soin,wp,s5,advom,1
242,0,soin,wp,so,rneg,1
242,0,soin,wp,sw5,CR,NA
242,0,soin,wp,swa,cad,1
242,0,soin,wp,swan*,sml,0
243,1,sais,wp,0,skip,NA
243,1,sais,wp,s@,cad,NA
243,1,sais,wp,s5,cad,1
243,1,sais,wp,sa,advom,1
243,1,sais,wp,sE,CR,NA
243,1,sais,wp,se,CR,NA
243,NA,sais,wp,sEs,sml,NA
243,1,sais,wp,swa,vad,1
244,0,note,wp,0,skip,NA
244,0,note,wp,mot,csub,0
244,0,note,wp,no,rneg,1
244,0,note,wp,not,CR,NA
244,0,note,wp,notr,cad,1
244,0,note,wp,notr*,cad,1
244,0,note,wp,nu,skip,NA
245,1,voie,wp,0,skip,NA
245,1,voie,wp,vio,vvlp,0
245,1,voie,wp,vot,cad,1
245,1,voie,wp,vwa,CR,NA
246,0,gris,wp,0,skip,NA
246,0,gris,wp,gri,CR,NA
246,0,gris,wp,griabl,skip,1
246,0,gris,wp,griz,vad,1
246,0,gris,wp,Zi,adom,0
247,1,iras,wp,0,skip,NA
247,1,iras,wp,0,skip,NA
247,1,iras,wp,ir,advom,0
247,1,iras,wp,ira,CR,NA
247,1,iras,wp,iras,sml,0
247,1,iras,wp,ire,mor/vad,1
247,1,iras,wp,irm,0,NA
248,0,ferai,wp,0,skip,NA
248,0,ferai,wp,f*ra,cad,1
248,0,ferai,wp,f*rE,CR,NA
248,0,ferai,wp,f*re,CR,NA
248,0,ferai,wp,ferE,sml,0
248,0,ferai,wp,fEre,sml,0
248,0,ferai,wp,fre,advom,1
248,0,ferai,wp,s*rE,cad,1
248,0,ferai,wp,v*ra,cvoice/cad&cad/vom,1
248,0,ferai,wp,v*rE,cvoice/cad,1
249,1,seras,wp,0,skip,NA
249,1,seras,wp,f*ra,cad,1
249,1,seras,wp,r*far,skip,NA
249,1,seras,wp,s*ra,CR,NA
249,1,seras,wp,s*re,vad/mor,1
249,1,seras,wp,sEras,sml,0
250,0,colle,wp,kol*,sbs,NA
250,0,colle,wp,kol,CR,NA
250,0,colle,wp,kul,vad,1
250,0,colle,wp,0,skip,NA
251,1,foule,wp,bul,cad,1
251,1,foule,wp,fol,cad,1
251,1,foule,wp,ful,CR,NA
251,1,foule,wp,fule,vsub,1
251,1,foule,wp,kul,cad,1
251,1,foule,wp,pupe,skip,1
252,0,grave,wp,0,skip,NA
252,0,grave,wp,brav,cad,1
252,0,grave,wp,gav*,adom,1
252,0,grave,wp,gras,csub,1
252,0,grave,wp,grav,CR,NA
252,0,grave,wp,grav*,sbs,NA
252,0,grave,wp,grave,mor/vsub,1
252,0,grave,wp,grEv,vad,1
253,1,brève,wp,0,skip,NA
253,1,brève,wp,bEr,vlp&com,0
253,1,brève,wp,bev*,adom,0
253,1,brève,wp,br*ve,skip,1
253,1,brève,wp,brav,vad,1
253,1,brève,wp,brE,adom,0
253,1,brève,wp,brEv,CR,NA
253,1,brève,wp,brev,vsub,0
253,1,brève,wp,brev*,vsub,0
253,1,brève,wp,brijEv,vod,0
253,1,brève,wp,brize,vsub&csub,1
253,1,brève,wp,bryve,vad&vsub,0
254,0,fous,wp,fEr,skip,1
254,0,fous,wp,fu,CR,NA
254,0,fous,wp,fur,cad,1
254,0,fous,wp,fus,sml,1
254,0,fous,wp,tu,cad,1
254,0,fous,wp,tur,cad&cad,1
255,1,tour,wp,fur,cad,1
255,1,tour,wp,ku,cad&cad,1
255,1,tour,wp,pu,csub&cad,1
255,1,tour,wp,tru,clp,1
255,1,tour,wp,tu,cad,1
255,1,tour,wp,tur,CR,NA
256,0,masse,wp,kas,cad,1
256,0,masse,wp,m5s,skip,1
256,0,masse,wp,mark,skip,NA
256,0,masse,wp,mars,cad,1
256,0,masse,wp,mas,CR,NA
256,0,masse,wp,mas*,sbs,NA
256,0,masse,wp,maZ,com&cad,1
256,0,masse,wp,p*r,skip,1
256,0,masse,wp,vas,csub,1
257,1,cesse,wp,kas,vad,1
257,1,cesse,wp,kav,vad,NA
257,1,cesse,wp,s*,adom/rneg,1
257,1,cesse,wp,s*s,sml,0
257,1,cesse,wp,s*s*,sml,0
257,1,cesse,wp,se,adom,1
257,1,cesse,wp,sEl,cad&adom,1
257,1,cesse,wp,sEs,CR,NA
257,1,cesse,wp,sEsa,mor/vad,1
257,1,cesse,wp,sese,vsub/mor,1
257,1,cesse,wp,sEt,csub,1
258,0,fixa,wp,fie,skip,1
258,0,fixa,wp,fij,cad&vad,1
258,0,fixa,wp,fika,cvoice,0
258,0,fixa,wp,fiks,vad,1
258,0,fixa,wp,fiksa,CR,NA
258,0,fixa,wp,fiNa,cad&cad,0
258,0,fixa,wp,miksa,cad,0
259,1,file,wp,0,skip,NA
259,1,file,wp,fij,gemod,1
259,1,file,wp,fiks,cad,1
259,1,file,wp,fil,CR,NA
259,1,file,wp,fil*,sbs,NA
259,1,file,wp,fli,vlp,0
259,1,file,wp,fwa,vad&com,1
260,0,manie,wp,m@,vgr&rneg,1
260,0,manie,wp,m@*,vgr&vom,0
260,0,manie,wp,m@ni,vgr,0
260,0,manie,wp,mami,bsub,1
260,0,manie,wp,man,vom/rneg,1
260,0,manie,wp,mani,CR,NA
260,0,manie,wp,mania,vad,0
260,0,manie,wp,manije,cod/vsub,1
260,0,manie,wp,manje,cod/vsub,1
260,0,manie,wp,manZa,cad&vad,0
260,0,manie,wp,manZe,cad&vsub,1
260,0,manie,wp,marki,cad&0,1
261,NA,marge,wp,m@Z,cad,NA
261,1,marge,wp,0,skip,NA
261,1,marge,wp,m@Z*,cad,1
261,1,marge,wp,mag,com/sml,0
261,1,marge,wp,magr,clp,0
261,1,marge,wp,magr*,clp,0
261,1,marge,wp,mar,com,1
261,1,marge,wp,marg,sml,0
261,1,marge,wp,marZ,CR,NA
261,1,marge,wp,marZ*,sbs,1
261,1,marge,wp,maZ,com,0
261,1,marge,wp,mEgr,vad&vlp,1
261,1,marge,wp,nor,skip,1
262,0,dont,wp,0,skip,NA
262,0,dont,wp,b§,sim,1
262,0,dont,wp,d@,vad,1
262,0,dont,wp,d§,CR,NA
262,0,dont,wp,d§t,sml,1
262,0,dont,wp,du,sim,1
262,0,dont,wp,dwa,vad,1
262,0,dont,wp,m§,cad,1
263,1,vent,wp,0,skip,NA
263,1,vent,wp,s@,csub,1
263,1,vent,wp,v@,CR,NA
263,1,vent,wp,v§,vad,0
263,1,vent,wp,vrE,cad&vadod,NA
264,0,fois,wp,0,skip,NA
264,0,fois,wp,fo,advom,1
264,0,fois,wp,fwa,CR,NA
264,0,fois,wp,swa,cad,1
264,0,fois,wp,vwa,cad,1
265,1,mais,wp,m5,cad,1
265,1,mais,wp,ma,advom,1
265,1,mais,wp,mais,vgr&sml,1
265,1,mais,wp,mE,CR,NA
265,1,mais,wp,me,CR,NA
265,1,mais,wp,mi,advom,1
265,1,mais,wp,0,skip,NA
266,0,verra,wp,f*ra,cad&sml,1
266,0,verra,wp,fEra,cad,1
266,0,verra,wp,s*ra,cad&sml,1
266,0,verra,wp,sEra,cad,1
266,0,verra,wp,v*ra,sml,1
266,0,verra,wp,vara,vad,0
266,0,verra,wp,vari,vad,1
266,0,verra,wp,vEr,vad,1
266,0,verra,wp,vEra,CR,NA
266,0,verra,wp,vera,CR,NA
266,0,verra,wp,vErE,advod/mor,0
266,0,verra,wp,0,skip,NA
267,1,verse,wp,fErs,cad,0
267,1,verse,wp,rus*,skip,1
267,1,verse,wp,sEr,cad&com/bom,1
267,1,verse,wp,sert,cad&cad,1
267,1,verse,wp,sErv,clp/sem,1
267,1,verse,wp,travErs,cod&vod,1
267,1,verse,wp,v*rs*,sml,0
267,1,verse,wp,vaz,vad&advom,NA
267,1,verse,wp,vEr,advom,1
267,1,verse,wp,vEr*,cad,1
267,1,verse,wp,vErs,CR,NA
267,1,verse,wp,vErsa,vad/mor,1
267,1,verse,wp,vErse,mor,1
267,1,verse,wp,vr*,vlp&rneg,0
267,1,verse,wp,0,skip,NA
268,0,faute,wp,0,skip,NA
268,0,faute,wp,fat,advom,0
268,0,faute,wp,fo,com/mor,1
268,0,faute,wp,fot,CR,NA
268,0,faute,wp,sot,cad,1
268,0,faute,wp,vot,cad,1
269,1,sauve,wp,0,skip,NA
269,1,sauve,wp,finir,skip,NA
269,1,sauve,wp,ov,lneg,0
269,1,sauve,wp,saZ,skip,1
269,1,sauve,wp,sov,CR,NA
269,1,sauve,wp,sov*,sbs,NA
269,1,sauve,wp,sovaj,skip,0
269,1,sauve,wp,sove,vsub,1
269,1,sauve,wp,vo,cad&com,1
269,1,sauve,wp,vov*,cad,0
270,0,fini,wp,definir,skip,1
270,0,fini,wp,fin,vad,1
270,0,fini,wp,fini,CR,NA
270,0,fini,wp,mimi,cad,1
270,0,fini,wp,mini,cad,1
271,1,mine,wp,m5,sml,NA
271,1,mine,wp,mi,adom,1
271,1,mine,wp,mil,csub,1
271,1,mine,wp,mim,bsub,1
271,1,mine,wp,min,CR,NA
271,1,mine,wp,min*,sbs,NA
271,1,mine,wp,mini,vad,1
271,1,mine,wp,mir,cad,1
272,0,dure,wp,0,skip,NA
272,0,dure,wp,byr,cad/sim,1
272,0,dure,wp,byr*,cad/sim,1
272,0,dure,wp,dira,vad&vsub,1
272,0,dure,wp,dyr,CR,NA
272,0,dure,wp,dyr*,sbs,NA
272,0,dure,wp,dyra,vsub/mor,1
272,0,dure,wp,dyre,vsub/mor,1
273,1,pire,wp,pil,cad,1
273,1,pire,wp,pir,CR,NA
273,1,pire,wp,pir*,sbs,NA
273,1,pire,wp,pri,vlp,1
274,0,fasse,wp,fa,adom,1
274,0,fasse,wp,fas,CR,NA
274,0,fasse,wp,fas*,sbs,NA
274,0,fasse,wp,fos,vad,1
274,0,fasse,wp,kave,cad&csub,0
274,0,fasse,wp,0,skip,NA
275,1,bosse,wp,bas*,vad,1
275,1,bosse,wp,bo,adom,0
275,1,bosse,wp,bos,CR,NA
275,1,bosse,wp,bos*,sbs,NA
275,1,bosse,wp,boz,gemom,0
275,1,bosse,wp,bros,cad,1
275,1,bosse,wp,0,skip,NA
276,0,boude,wp,b§d,cad,1
276,0,boude,wp,bot,skip,1
276,0,boude,wp,boz,cad,0
276,0,boude,wp,bu,adom,1
276,0,boude,wp,bub*,sim/bsub,0
276,0,boude,wp,bud,CR,NA
276,0,boude,wp,bud*,sbs,NA
276,0,boude,wp,but,cvoice,0
276,0,boude,wp,dol,skip,0
276,0,boude,wp,dud,cad,0
276,0,boude,wp,fud,cad,0
276,0,boude,wp,gos,skip,0
276,0,boude,wp,kud,cad,1
276,0,boude,wp,pu,sim/cad&com,1
276,0,boude,wp,0,skip,NA
277,1,coule,wp,0,skip,NA
277,1,coule,wp,kol,advom,1
277,1,coule,wp,ku,rneg,1
277,1,coule,wp,kud,cad,1
277,1,coule,wp,kul,CR,NA
277,1,coule,wp,kul*,sbs,NA
277,1,coule,wp,kul*r,vod&cod,1
278,0,fend,wp,0,skip,NA
278,0,fend,wp,f@,CR,NA
278,0,fend,wp,f@d,vad/sml,1
278,0,fend,wp,f§,vad,0
278,0,fend,wp,f5,vsub,1
278,0,fend,wp,fEnd,vgr,0
278,0,fend,wp,fEr*,skip,NA
278,0,fend,wp,fr@,cod,0
278,0,fend,wp,r@,cad,1
278,0,fend,wp,s@,csub,1
278,0,fend,wp,v@,cad/cvoice,1
279,1,rond,wp,0,skip,NA
279,1,rond,wp,f§,cad,1
279,1,rond,wp,k§,cad,1
279,1,rond,wp,r@,vad,1
279,1,rond,wp,r@d,vad&vad/sml,0
279,1,rond,wp,r§,CR,NA
279,1,rond,wp,r§d,vad/sml,1
279,1,rond,wp,r5,vsub,1
279,1,rond,wp,ru,sim/vad,1
279,1,rond,wp,rul,vad&cad,NA
279,1,rond,wp,ruZ,skip,1
280,0,rends,wp,ale,skip,1
280,0,rends,wp,f@,cad,1
280,0,rends,wp,r@,CR,NA
280,0,rends,wp,r@d,mor/sml/vad,1
280,0,rends,wp,r@d*,CR,0
280,0,rends,wp,r@dy,vad,1
280,0,rends,wp,r§,vad,1
280,0,rends,wp,r§d,vad&sml/vad,1
280,0,rends,wp,v@,cad,1
281,1,vendu,wp,f@dy,cad,1
281,1,vendu,wp,r@dy,cad,1
281,1,vendu,wp,v*ny,adom,1
281,1,vendu,wp,v@di,vsub,0
281,1,vendu,wp,v@dy,CR,NA
281,1,vendu,wp,vitEs,skip,1
282,0,vente,wp,0,skip,NA
282,0,vente,wp,f@t,cad,1
282,0,vente,wp,f§t,vad&cad,1
282,0,vente,wp,r@t,cad,1
282,0,vente,wp,v*,rneg,1
282,0,vente,wp,v@,adom,1
282,0,vente,wp,v@d,cad,1
282,0,vente,wp,v@dy,vad&cad,1
282,0,vente,wp,v@t,CR,NA
282,0,vente,wp,v@t*,sbs,1
282,0,vente,wp,v@te,vsub,1
282,0,vente,wp,v@tr,cad,1
283,1,perte,wp,0,skip,NA
283,1,perte,wp,p*rt,sml,0
283,1,perte,wp,p*rt*,sml,0
283,1,perte,wp,p@t,cad,1
283,1,perte,wp,pEr,adom,1
283,1,perte,wp,pEr*,adom,1
283,1,perte,wp,pErd,cad,1
283,1,perte,wp,perdu,cad&vad,1
283,1,perte,wp,pErt,CR,NA
283,1,perte,wp,pErt*,sbs,1
283,1,perte,wp,por,vad&advom,1
283,1,perte,wp,v*tr*,cad&clp,0
283,1,perte,wp,v@tr,cad&cad&clp,1
284,0,aide,wp,0,skip,NA
284,0,aide,wp,aij,skip,NA
284,0,aide,wp,Ed,CR,NA
284,0,aide,wp,ed*,sbs,NA
284,0,aide,wp,ed,CR,NA
284,0,aide,wp,Ed*,sbs,NA
284,0,aide,wp,Ede,vsub,1
285,1,vise,wp,0,skip,NA
285,1,vise,wp,vi,com,1
285,1,vise,wp,vis,gemod,1
285,1,vise,wp,vis*,gemod,1
285,1,vise,wp,viv,bsub,1
285,1,vise,wp,viz,CR,NA
285,1,vise,wp,viz*,sbs,NA
285,1,vise,wp,vize,mor/vsub,1
285,1,vise,wp,vizi,bvod,0
286,0,paire,wp,0,skip,NA
286,0,paire,wp,pere,vsub,0
286,0,paire,wp,fEr,cad,1
286,0,paire,wp,par,advom,1
286,0,paire,wp,par*,advom,1
286,0,paire,wp,pari,vlp,1
286,0,paire,wp,pEr,CR,NA
286,0,paire,wp,pEr*,sbs,NA
286,0,paire,wp,pEri,bvod,0
286,0,paire,wp,plEr,cod,1
287,1,foire,wp,0,skip,NA
287,1,foire,wp,fEr,vad,1
287,1,foire,wp,fer*,vad,1
287,1,foire,wp,fol,skip,1
287,1,foire,wp,for,advom,1
287,1,foire,wp,frwa,clp,1
287,1,foire,wp,fwa,adom,1
287,1,foire,wp,fwar,CR,NA
287,1,foire,wp,fware,vsub,1
287,1,foire,wp,pwar,cad,1
287,1,foire,wp,vwar,cad,1
288,0,fait,wp,0,skip,NA
288,0,fait,wp,fE,CR,NA
288,0,fait,wp,fe,CR,NA
288,0,fait,wp,fEt,sml,1
288,0,fait,wp,fet,sml,1
288,0,fait,wp,lE,cad,1
288,0,fait,wp,le,cad,1
288,0,fait,wp,sale,skip,1
288,0,fait,wp,sE,csub,1
288,0,fait,wp,vwar,skip,1
289,1,luit,wp,0,skip,NA
289,1,luit,wp,f8i,cad,1
289,1,luit,wp,fl8i,cad,0
289,1,luit,wp,fy,cad&advom,0
289,1,luit,wp,l*t,skip,0
289,1,luit,wp,l8i,CR,NA
289,1,luit,wp,l8il,bod,0
289,1,luit,wp,l8it,sml,0
289,1,luit,wp,lE,vad,1
289,1,luit,wp,ly,advom,1
289,1,luit,wp,lyit,vgr,0
289,1,luit,wp,lyt,advom&sml,1
289,NA,luit,wp,l8t,sml,NA
165,NA,pocile,pw,pwasil,bvod,NA
175,NA,anical,pw,amikal,csub,NA
189,NA,scolle,pw,skal,vsub,NA
5,NA,rose,sw,raz,vad,NA
15,NA,patient,sw,posi@,bvsub&sml,NA
28,NA,coup,sw,ko,vom,NA
35,NA,marcherions,sw,morS*rj§,bvsub,NA
60,NA,rogner,sw,raNe,vsub,NA
64,NA,varie,sw,vori,vad,NA
70,NA,rasé,sw,roze,vsub,NA
97,NA,grade,sw,grod,vad,NA
113,NA,ose,sw,az,vsub,NA
127,NA,ail,sw,oij,vsub,NA
129,NA,édition,sw,devomi,0,NA
136,NA,poli,sw,pali,vad,NA
143,NA,criant,sw,kri§,vsub,NA
205,NA,vase,wp,voz,vsub,NA
213,NA,bille,wp,bal,vad,NA
219,NA,pois,wp,pE,vad,NA
229,NA,folle,wp,fal,vsub,NA
258,NA,fixa,wp,fikso,vsub,NA
272,NA,dure,wp,or,vsub,NA
281,NA,vendu,wp,v*no,adom&vsub,NA